id,nummer_alt,nummer_neu,aufstellungsort,brunnenart,bauart,epsg31255_x,epsg31255_y,lon,lat,in_betrieb,trinkwasser,wasseranalyse,steuerung,elektrik,pumpe,beleuchtung,wassermenge_sammelbecken,lage_brunnentechnik,lage_wasserzaehler,wasserzaehler_epsg31255_x,wasserzaehler_epsg31255_y,wasserzaehler_lon,wasserzaehler_lat,lage_e_schaltschrank,lage_stromzaehler,bemerkung,betriebszeit,frostschutz_wasserzaehler_ausgebaut
brunnen_bmp01,B01,BmP01,Alter Markt,Zierbrunnen Kein Trinkwasser,Künstlerbrunnen,,,,,,false,false,keine,ja,Grundfos Trockenauf- aufstellung 1 Stück mti Zeitsteuerung,keine,Sammelbecken im Brunnen- schacht ca. 1000 Liter,Schacht bei Brunnen,Schacht bei Brunnen,,,,,Schacht bei Brunnen,Im E-Kasten neben Markthalle,Wasseraufbereitung erfolgt händisch Frischwassernachspeisung über Magnetventil,9:00 bis 21:00,
brunnen_bmp02,B02,BmP02,Tummelplatz,Zierbrunnen Kein Trinkwasser,Wasserbecken,,,,,,false,false,keine,ja,"Oase Trockenaufstellung 1 Stück 67 Lit/min 3,4m mit Zeitsteuerung",keine,Brunnenbecken ca. 500 Liter,Schacht bei Brunnen,Schacht bei Brunnen,,,,,Schacht bei Brunnen,Stromversorgung von Haus Tummelplatz 19,Wasseraufbereitung erfolgt händisch Frischwassernachspeisung ständig über Durchlaufventil,9:00 bis 21:00,
brunnen_bmp03,B03,BmP03,Zollamtstraße,Zierbrunnen Kein Trinkwasser,Steinquader,,,,,,false,false,keine,ja,Unterwasserpumpe mit Zeitsteuerung,keine,Sammelbecken im Brunnen- schacht ca. 1000 Liter,Schacht neben Brunnen,Schacht neben Brunnen,,,,,Schacht neben Brunnen,Privathaus Zollamtstr. 16 (Dolce Vita),Wasseraufbereitung erfolgt händisch Frischwassernachspeisung über Schwimmerventil,9:00 bis 21:00,
brunnen_bmp04,B04,BmP04,Arbeiterkammer,Zierbrunnen Kein Trinkwasser,Steinskultur mit Brunnenbecken,,,,,,false,false,keine,ja,Grundfos Trockenaufstellung 1 Stück mit Zeitsteuerung ??,keine,Brunnenbecken ca. 30000 Liter,Schacht neben Brunnen,Schacht neben Brunnen,,,,,Schacht neben Brunnen,Keller Arbeiterkammer,Wasseraufbereitung erfolgt händisch Frischwassernachspeisung händisch über Durchlaufventil Zeitsteuerung der Pumpe fraglich da E-Schaltschrank versperrt.,9:00 bis 21:00,
brunnen_bmp05,B05,BmP05,Donaupark vor Brucknerhaus (Beyerbrunnen),Zierbrunnen Kein Trinkwasser,18 Metallsäulen in Brunnenbecken mit Quellauslässen an der Oberseite,,,,,,false,false,keine,ja,Vogel Trocken- aufstellung 1 Stück mit Zeitsteuerung,7 Scheinwerfer im Brunnenschacht mit Glasscheiben zum Brunnenbecken mit Zeitsteuerung,Brunnenbecken ca 10000 Liter,Schacht neben Brunnen,2. UG Brucknerhaus,,,,,Schacht neben Brunnen,1. UG Brucknerhaus,Wasseraufbereitung erfolgt händisch Frischwassernachspeisung über Magnetventil 2. UG Brucknerhaus Enthärtungsanlage für Frischwasser - Salzbehälter ca. 100 kg - Salz wird laut GtA vom Brucknerhaus nachgefüllt,9:00 bis 22:00,
brunnen_bmp06,B06,BmP06,Donaupark Hochstrahlbrunnen,Zierbrunnen Kein Trinkwasser,Hochstrahl- brunnen,,,,,,false,false,keine,ja,Vogel Trocken- aufstellung 2 Stück mit Zeitsteuerung und Windsteuerung,Unterwasser- scheinwerfer mit Zeitsteuerung,Brunnenbecken ca 10000 Liter,Schacht neben Brunnen,Schacht ca 50 m westlich vom Brunnen Sämtliche Hydranten im Park mitgezählt Sub Zähler in Brunnenstube,,,,,Schacht neben Brunnen,Überflourkasten ca. 40 m südlich vom Brunnen Zähler Nr. 4439625,Wasseraufbereitung erfolgt händisch Frischwassernachspeisung über Magnetventil Sehr großer Reinigungsaufwand im Brunnenbecken (Müll) und im Herbst durch Laub - Saugrohr ständig verstopft,9:00 bis 22:00,
brunnen_bmp07,B07,BmP07,Schadlergründe bei Fechterweg 10,Zierbrunnen Kein Trinkwasser,Steinskulptur 3 Quellauslässe,,,,,,false,false,keine,ja,Unterwasserpumpe mit Zeitsteuerung,keine,Sammelbecken im Brunnen- schacht und Brunnenbecken ca. 5000 Liter,Schacht neben Brunnen,Schacht neben Brunnen,,,,,Schacht neben Brunnen,1. UG Fechter- weg 10,Wasseraufbereitung erfolgt händisch Frischwassernachspeisung mit Schwimmerventil zur Zeit defekt (läuft ständig) ca. 70 cm Wasserstand im gesamten Brunnenschacht,9:00 bis 21:00,
brunnen_bmp08,B08,BmP08,Volkshaus Keferfeld,Zierbrunnen Kein Trinkwasser,Steinzylinder,,,,,,false,false,keine,ja,Vogel Trockenaufstellung 1 Stück mit Zeitsteuerung,keine,Brunnenbecken ca. 2000 Liter und Sammeltank ca. 1000 Liter,KG Volkshaus im Jugendklub,hinterfragen,,,,,KG Volkshaus im Jugendklub,hinterfragen,Frischwassernachspeisung mit Spülkastensystem Wasseraufbereitung händisch Großer Reinigungsaufwand Brunnenbecken (Müll),10:00 bis 22:00,
brunnen_bmp09,B09,BmP09,Spaunstr 54 neu,Zierbrunnen Kein Trinkwasser,Steinskulptur mit Becken,,,,,,false,false,keine,ja,Oase Trockenaufstellung 1 Stück 10 Lit/min 40m mit Zeitsteuerung,keine,Brunnenbecken ca 2500 Liter,Schacht neben Brunnen,Schacht neben Brunnen,,,,,Schacht neben Brunnen,Überflourschrank ca 15 m südlich vom Brunnen (bei Gehsteig),Frischwassernachspeisung händisch über Ventil Wasseraufbereitung händisch,9:00 bis 19:00,
brunnen_bmp10,B10,BmP10,Spaunstr 80 alt,Zierbrunnen Kein Trinkwasser,Betonschale,,,,,,false,false,keine,ja,Grundfos Trockenaufstellung 1 Stück 8m³/h 10m mit Zeitsteuerung,keine,Brunnenbecken ca 3000 Liter,Schacht neben Brunnen,Schacht neben Brunnen,,,,,Überflourschrank ca 20 m südlich vom Brunnen,Überflourschrank ca 20 m südlich vom Brunnen,Frischwassernachspeisung händisch über Ventil Wasseraufbereitung händisch,9:00 bis 19:00,
brunnen_bmp11,B11,BmP11,Bauernberg Neptunbrunnen Neben Auf der Gugl 6,Zierbrunnen Kein Trinkwasser,Stein-Metall skulptur mit Auffangschüssel und Bodenbecken,,,,,,false,false,keine,ja,Oase Trockenaufstellung 1 Stück mit Zeitsteuerung,keine,Auffangschüssel und Bodenbecken ca. 2000 Liter,Schacht neben Brunnen,Vermutlich Schacht neben Gehsteig war nicht begehbar mit Gebüsch überwuchert,,,,,Schacht neben Brunnen,Freiluftzählerschrank mit FI + LS in Brunnennähe bei Hecke,Wasseraufbereitung erfolgt händisch Frischwassernachspeisung händisch über Schlauch,9:00 bis 21:00,
brunnen_bmp12,B12,BmP12,Park Im Haidgattern,Zierbrunnen Kein Trinkwasser,Hochstrahl- brunnen,,,,,,false,false,Magnetventil,ja,"Grundfos Trockenaufstellung 1 Stück 24m³/h 16,5m mit Zeitsteuerung und Windsteuerung 2. Leistungstärkere Pumpe",3 Stk. Unterwasserscheinwerfer (Halogen) mit Zeit- u. Dämmerungssteuerung,Bodenbecken ca. 10000 Liter zur Zeit nur zu 50% gefüllt,Schacht neben Brunnen,Schacht bei westlichem Parkausgang Vermutlich keine eigen Zählung sondern mit öffentl. WC Anlage,,,,,Schacht neben Brunnen und GtA Lagerraum bei öffentl. WC Analge,"GtA Lagerraum eigene Zählung, Zähler Nr. 3664314",Wasseraufbereitung erfolgt händisch Frischwassernachspeisung über Magnetventil,9:00 bis 21:00,
brunnen_bmp13,B13,BmP13,Seilerstätte neben Krankenhaus Schwestern,Zierbrunnen Kein Trinkwasser,Metall- konstruktion mit Wasservorhang,,,,,,false,false,keine,ja,Vogel Trockenaufstellung 1 Stück mit Zeitsteuerung,keine,Brunnenbecken ca 3000 Liter,Schacht neben Brunnen,Schacht neben Brunnen,,,,,Schacht neben Brunnen,"Meßverteiler Objekt Magazingasse 11 (Eingang Lokal ""Antebia"")",Wasseraufbereitung erfolgt händisch Frischwassernachspeisung über Magnetventil Im Brunnenschacht befindet sich eine Filteranlage mit eigener Pumpe die aber anscheinend schon längere Zeit außer Betrieb ist,9:00 bis 21:00,
brunnen_bmp14,B14,BmP14,Schillerpark,Zierbrunnen Kein Trinkwasser,5 Steiquader in Brunnenbecken,,,,,,false,false,keine,ja,Grundfos Trockenaufstellung 1 Stück mit Zeitsteuerung,keine,Brunnenbecken und Sammel- becken im Schacht ca. 10000 Liter,Schacht neben Brunnen,Schacht ca. 50 m südlich vom Brunnen Parkende bei Koloseum- kino,,,,,Oberflourkasten ca. 10 m nördlich vom Brunnen,Im Straßenbeleuchtungsschaltschrank Ecke Auersperg-/Rainerstraße (spez. Schlüssel !),Wasseraufbereitung erfolgt händisch Frischwassernachspeisung über Magnetventil,9:00 bis 21:00,
brunnen_bmp15,B15,BmP15,Volksgarten südwestliches Parkende,Zierbrunnen Kein Trinkwasser,Brunnenbecken mit 6 Speiaus- lässen,,,,,,false,false,keine,ja,Vogel Trockenaufstellung 1 Stück mit Zeitsteuerung,keine,Brunnenbecken ca 30000 Liter,Schacht neben Brunnen,LinzAG Zähler im Schacht auf Gehweg (mittlerer von der 3 Schächte) bei öffentlicher WC-Anlage,,,,,Schacht neben Brunnen,Zugang zu LinzAG Trafostation am Vorplatz Musiktheater,Wasseraufbereitung erfolgt händisch Frischwassernachspeisung händisch über Schrägsitzventil,9:00 bis 21:00,
brunnen_bmp16,B16,BmP16,Hotel Schillerpark,Zierbrunnen Kein Trinkwasser,Steinkugel,,,,,,false,false,keine,ja,Unterwasserpumpe mit Zeitsteuerung,keine,Becken in Brunnenstube ca. 500 Liter,Schacht neben Brunnen,Schacht ca. 40 m südöstlich vom Brunnen,,,,,,"Im größeren Schaltschrank hinter Müllcontainerstellfläche (Nähe Taxistandplatz, Schloß=36000)",,9:00 bis 21:00,
brunnen_bmp17,B17,BmP17,Taubenmarkt,Zierbrunnen Kein Trinkwasser,Steinskulputur mit 2 Brunnen- schalen,,,,,,false,false,keine,ja,Grundfos Trockenauf- aufstellung 1 Stück mit Zeitsteuerung,keine,Brunnen- schalen ca. 1500 Liter,Schacht bei Brunnen,Schacht bei Brunnen,,,,,Schacht bei Brunnen,"Oberflurkasten nahe Brunnen, rechter Kasten zu Häusern gerichtet, Schloss=36000, auch Bodensteckdosen über Subzähler angeschlossen.",Wasseraufbereitung erfolgt händisch Frischwassernachspeisung über Magnetventil,9:00 bis 21:00,
brunnen_bmp18,B18,BmP18,Hauptplatz,Zierbrunnen Kein Trinkwasser,Steinskulputur mit 1 Brunnen- becken,,,,,,false,false,keine,ja,Nicht feststellbar Trockenaufstellung 1 Stück mit Zeitsteuerung,4 Unterwasser- scheinwerfer mit Zeitsteuerung,Brunnen- becken ca. 2500 Liter,Schacht bei Brunnen,Schacht bei Brunnen,,,,,Schacht bei Brunnen,unbekannt,Wasseraufbereitung erfolgt händisch Frischwassernachspeisung über Magnetventil,9:00 bis 22:00,
brunnen_bmp19,B19,BmP19,Harruckerstr. 25,Zierbrunnen Kein Trinkwasser,Künstlerbrunnen 5 Quellauslässe,,,,,,false,false,keine,ja,Vogel Trocken- aufstellung 1 Stück keine Zeitsteuerung,keine,Sammelbecken im Brunnen- schacht ca. 1000 Liter,Schacht bei Brunnen,Schacht bei Brunnen,,,,,Schacht bei Brunnen,unbekannt,Brunnen stark veralgt u. verkalkt 2 Quellauslässe ohne Wasser Wasseraufbereitung erfolgt händisch Frischwassernachspeisung mit Magnetventil,9:00 bis 21:00,
brunnen_b20,B20,keine neue Nr.,Volkshaus Dornach Niedermayrweg 7 wurde im Jahr 2008 abgebaut,Zierbrunnen Kein Trinkwasser,Metallkonstruk- tion mit 2 Schwenkarmen,,,,,,false,false,keine,ja,Nicht feststellbar Trockenaufstellung 1 Stück (ausgebaut) mit Zeitsteuerung,keine,Sammelbecken im Brunnen- schacht ca. 1000 Liter,Schacht bei Brunnen,Wasseranschluss wurde von der Linz AG 2008 stillgelegt,,,,,Schacht bei Brunnen,unbekannt,Brunnen schon längere Zeit außer Betrieb Wasseraufbereitung erfolgt händisch Frischwassernachspeisung mit Magnetventil,wurde im Jahr 2008 abgebaut,
brunnen_bmp20,B21,BmP20,Ecke Freistädterstr. Knabenseminarstr.,Zierbrunnen Kein Trinkwasser,Metallkonstruk- tion mit 5 Reihen Flügel- räder,,,,,,false,false,keine,ja,Trocken- aufstellung 1 Stück keine Zeitsteuerung?,keine,Kein Sammel becken in der Brunnenstube unklar!,Schacht bei Brunnen,Schacht bei Brunnen,,,,,Schacht bei Brunnen,Agrarbezirksbeh. Knaben- seminarstr. 2 UG Kontakt Tel. 0732 7720 15801,Brunnen im Jahr 2001 noch nicht in Betrieb Wasseraufbereitung erfolgt händisch Frischwassernachspeisung mit Magnetventil,9:00 bis 21:00,
brunnen_bmp21,B22,BmP21,Bauernberg Bahr-Denkmal Ecke Waldeggstr. Bernardistr. (Parkeingang),Zierbrunnen Kein Trinkwasser,Wandauslauf mit Auffang- schüssel und Bodenbecken,,,,,,false,false,keine,ja,Unterwasserpumpe mit Zeitsteuerung,keine,Brunnenbecken ca. 500 Liter Sammelbecken im Schacht ca 2000 Liter,Schacht ca 20 m unterhalb des Brunnens,Schacht ca 20 m unterhalb des Brunnens,,,,,Schacht ca 20 m unterhalb des Brunnens,Hinter Steuerschrank Fußgängerampel (neben Gehesteig),Wasseraufbereitung erfolgt händisch Frischwassernachspeisung über Magnetventil,9:00 bis 21:00,
brunnen_bmp22,B23,BmP22,Gürtelstr. 9a,Zierbrunnen Kein Trinkwasser,Küstlerbrunnen 3-eck mit aufge- wölbten Ecken,,,,,,false,false,keine,ja,Vogel Trockenaufstellung 1 Stück mit Zeitsteuerung,keine,Brunnenbecken und Sammel- becken im Schacht ca. 3000 Liter,Schacht neben Brunnen,Schacht neben Brunnen,,,,,Schacht neben Brunnen,"kein Stromzähler, da pauschaliert; Anspeisung von Kasten Fassade Gürtelstr. 9a.",Wasseraufbereitung erfolgt händisch Frischwassernachspeisung über Schwimmerventil Brunnen seit ca. 3 Monaten außer Betrieb,9:00 bis 21:00,
brunnen_bmp23,B24,BmP23,Hessenplatz Park,Zierbrunnen Kein Trinkwasser,Steinskulputur mit 1 Brunnen- schale,,,,,,false,false,keine,ja,Vogel Trocken- aufstellung 1 Stück mit Zeitsteuerung,keine Ursprüngliche Beleuchtung wurde demontiert,Brunnenbecken ca. 5000 Liter,Schacht neben Brunnen,Schacht 50 m südlich vom Brunnen nähe Hessenplatz 10 am Gehweg,,,,,Schacht neben Brunnen,Keller alte WC-Anlage (Schlüssel bei Schnellimbissstand).,Wasseraufbereitung erfolgt händisch Frischwassernachspeisung vermutlich dauernd,9:00 bis 21:00,
brunnen_bmp24,B25,BmP24,Wimhölzelstr.,Zierbrunnen Kein Trinkwasser,Metallsäulen 24 Stück,,,,,,false,false,keine,ja,Vogel Trocken- aufstellung 1 Stück mit Zeitsteuerung,keine,Sammelbecken neben Brunnen- schacht ca. 3000 Liter,Schacht bei Brunnen,Schacht bei Brunnen,,,,,Schacht bei Brunnen,Im GWG-Objekt Wimhölzelstraße 23,Wasseraufbereitung erfolgt händisch Frischwassernachspeisung mit Schwimmerventil Laut GtA sehr hoher Reinigungs- Wartungs- u.Reparaturaufwand (Vandalismuß),9:00 bis 21:00,
brunnen_b26,B26,keine neue Nr.,Einkaufszentrum Niedernhart,Zierbrunnen Kein Trinkwasser,2 Metallsäulen,,,,,false,false,false,keine,ja,Unbekannt (war nicht zugänglich),keine,unbekannt,unbekannt,unbekannt,,,,,unbekannt,unbekannt,Für die Zugänglichkeit der Brunnentechnik wird die Gebäudeverwaltung (vermutlich WAG) benötigt Brunnen zur Zeit außer betrieb,Brunnen war 2001 bereits außer Betrieb,
brunnen_bmp25,B27,BmP25,Marktplatz Ebelsberg,Zierbrunnen Kein Trinkwasser,Steinskulputur mit 1 Brunnen- becken,,,,,,false,false,keine,ja,Trockenaufstellung 1 Stück,keine,Brunnen- becken ca. 2500 Liter,Schacht neben Brunnen ca . 10 m Südost,Schacht neben Brunnen ca . 10 m Südost,,,,,An Hauswand hinter Brunnen,,,9:00 bis 21:00,
brunnen_bmp26,B27a,BmP26,Seniorenzentrum Lenaupark,Zierbrunnen Kein Trinkwasser,Bodendüsen,,,,,,false,false,keine,ja,STA-RITE Schwimmbadpumpe Trockenaufstellung 1 Stück,keine,ca. 1500 Liter Technikraum,Brunnen-Technikraum Kellergeschoss Seniorenzentrum,Haustechnikraum Kellergeschoss Seniorenzentrum,,,,,Brunnen-Technikraum Kellergeschoss Seniorenzentrum,,Wasseraufbereitung über Dosieranlage Entkeimungsanlage Frischwassernachspeisung über Magnetventil,14:00 bis 14:30 15:15 bis 15:45 16:30 bis 17:00 17:45 bis 18:15,
brunnen_bmp27,B27b,BmP27,Solar City Zentrum,Zierbrunnen Kein Trinkwasser,Betonbecken,,,,,,false,false,siehe TB 69,ja,Oase Trockenaufstellung 1 Stück Zeitsteuerung an Leittechnik Volkshaus angeschl.,keine,Brunnenbe. und Sammelbehälter ca. 5000 Liter,Tiefgarage,Tiefgarage bei Brunnentechnik Kein LinzAG Zähler,,,,,Tiefgarage bei Brunnentechnik,Kein eigener Stromzähler auf VH angeschlossen,In den Zierbrunnen sind auch zwei Trinkwasserspender in Form von Druckknöpfen integriert,9:00 bis 20:00,
brunnen_bmp28,,BmP28,A7 Überplattung Bindermichl,Zierbrunnen Kein Trinkwasser,3 Betonquader,,,,,,false,false,keine,ja,Pumpe Trockenaufstellung,keine,Sammel-becken ca. 3000 Liter,Schacht neben Brunnen,Schacht neben Brunnen (Sub Zähler),,,,,Freiluftkasten neben Brunnen,Freiluftkasten neben Brunnen,,,
brunnen_bmp29,,BmP29,VH Kleinmünchen Dauphinestr. 19,Zierbrunnen Kein Trinkwasser,Metall-konstruktion,,,,,,false,false,keine,ja,Unterwasserpumpe mit Zeitsteuerung,keine,Sammel-becken ca. 2000 Liter,Schacht neben Brunnen,keine eigene Zähler mit dem VH mitgezählt Sub Zähler in Brunnenstube,,,,,Technikraum VH (FW Übergabest- station),keine eigene Zähler mit dem VH mitgezählt,,9:00 bis 21:00,
brunnen_bmp30,,BmP30,Hauptbahnhof Parkanlage,Zierbrunnen Kein Trinkwasser,Steinskultur mit Brunnenbecken,,,,,,false,false,keine,ja,Pumpe Trockenaufstellung,4 Stück Unter- wasserscheinw. Beckenbeleucht. außen,Burnnen- becken ca. 12000 Liter,Schacht neben Brunnen,LinzAG Zähler Im Schacht ca. 100 m westlich vom Brunnen Subzähler in Brunnen stube Achtung! ca. 20 m südlich vom Wasserzählerschacht zusätzlich Entleerungsschacht!!!!!!!!!!!!,,,,,Freiluftkasten ca. 40m südwestlich bei Stiegenabgang,Freiluftkasten ca. 40m südwestlich bei Stiegenabgang,Über den LinzAG Wasserzähler sind auch die Bewässerungshydr. versorgt Im Winter Entleerung erforderlich Achtung! ca. 20 m südlich vom Wasserzählerschacht zusätzlich Entleerungsschacht!!!!!!!!!!!!,Pumpe 9:00 bis 21:00 Licht bis 23:00,
brunnen_bop01,B28,BoP01,Südbahnhof gegenüber RZK Gebäude,Zierbrunnen Trinkwasserentnahme möglich,Steinskultur mit 1 Brunnenschale,71838.351,351752.199,14.30081891,48.29995360,true,true,true,Magnetventil,ja,keine bez. unbekannt,keine,Brunnenbecken ca. 200 Liter,Schacht 10 m westlich vom Brunnen,Schacht 10 m westlich vom Brunnen Kein LinzAG Zähler,71831.238,351756.269,14.30072374,48.29999100,Kiosk Nr. 24 (Schlüsseldienst),Kiosk Nr. 24 (Schlüsseldienst),Der Zierbrunnen wird mit Trinkwasser betrieben.,5:30 bis 18:00,Ja kein LinzAG Zähler
brunnen_bop02,B29,BoP02,Südbahnhof neben Lustenauerstr. 39,Zierbrunnen Trinkwasserentnahme möglich,Steinskulputur mit 1 Brunnen- schale,71778.259,351913.695,14.30003642,48.30141253,true,true,true,Magnetventil,ja,keine bez. unbekannt,keine,Brunnenbecken ca. 2000 Liter,Schacht 5 m südlich vom Brunnen,Schacht 5 m südlich vom Brunnen Kein LinzAG Zähler,71782.919,351908.18,14.30009829,48.30136242,Kiosk Nr. 1 (Fa. Köttstorfer),Kiosk Nr. 1 (Fa. Köttstorfer),Der Zierbrunnen wird mit Trinkwasser betrieben.,5:30 bis 18:00,Ja kein LinzAG Zähler
brunnen_bop03,B30,BoP03,Promenade vor Eingang Cafe Traxlmayr,Zierbrunnen Trinkwasserentnahme möglich,Steinskulputur,70824.339,352219.996,14.28723158,48.30427377,true,true,true,Magnetventil,ja,keine,keine,keine,Schacht bei Brunnen,Schacht bei Brunnen,70824.065,352221.454,14.28722813,48.30428692,Freiluftkasten neben Feuerwehrzufahrt links neben Cafe Traxlmayr (Wienerwald),Freiluftkasten neben Feuerwehrzufahrt links neben Cafe Traxlmayr (Wienerwald),Der Zierbrunnen wird mit Trinkwasser betrieben,9:00 bis 20:00,
brunnen_bop04,B31,BoP04,Minoritenplatz bei Klosterstr. 18,Zierbrunnen Trinkwasserentnahme möglich,Steinskulputur,70683.877,352237.538,14.28534138,48.30444715,true,true,true,keine,keine,keine,keine,keine,Schacht bei Brunnen,Schacht bei Brunnen,70682.551,352236.538,14.28532335,48.30443831,keine,keine,Der Zierbrunnen wird mit Trinkwasser betrieben,Dauerbetrieb,
brunnen_bop05,B31a,BoP05,Lonstorfer Platz,Zierbrunnen Trinkwasserentnahme möglich,Steinskulptur,,,,,false,true,false,Magnetventil,ja,keine,keine,keine,Schacht bei Brunnen,Schacht 30 m südlich vom Brunnen,,,,,Hauptverteiler Tiefgarage,Hauptverteiler Tiefgarage,Der Zierbrunnen wird mit Trinkwasser betrieben. Von 3 Ausläufen ist nur einer angeschlossen. Ständig Probleme mit verstopftem Ablauf - für die Zugänglichkeit muss der gesamte Stein (ca.2 x 1 x 1 m) gehoben werden!,9:00 bis 19:00 zur Zeit außer Betrieb,
brunnen_bop06,B32,BoP06,Bleibtreustr. Park,Zierbrunnen Kein Trinkwasser,Wasserbecken,,,,,true,true,false,Magnetventil,ja,keine,keine,keine,Schacht bei Brunnen,Schacht bei Brunnen,,,,,Keller GWG-Objekt Behringerstraße Nr. 6,Keller GWG-Objekt Behringerstraße Nr. 6,Der Zierbrunnen wird mit Trinkwasser betrieben,6:30 bis 10:30 15:00 bis 21:00 Einstellung laut SGL Münzker 26.5.11,
brunnen_bop07,B33,BoP07,Gegenüber Lessingstr. 25,Zierbrunnen Trinkwasserentnahme möglich,Steinskulputur,70229.624,352002.066,14.27918001,48.30238019,true,true,true,Magnetventil,ja,keine,keine,keine,Schacht bei Brunnen,Schacht bei Brunnen,70229.05,352003.241,14.27917247,48.30239082,Freiluftkasten oberhalb Stiegenaufgang,Freiluftkasten oberhalb Stiegenaufgang,Der Zierbrunnen (Straßenbrunnen) wird mit Trinkwasser betrieben,9:00 bis 18:00,
brunnen_bop08,B34,BoP08,Grünmarkt Urfahr,Zierbrunnen,Steinskulptur,,,,,false,true,false,Magnetventil,ja,keine,keine,keine,W-Absperrung am Brunnenfuß Lage Entleerung Tiefgarage,unbekannt,,,,,Hauptverteiler Tiefgarage,"kein eigener Zähler, gemeinsame Messung mit WSL Märkte",wurde im Jahr 2011 abgebaut,Brunnen 2011 abgebaut,
brunnen_bop09,B35,BoP09,Park Im Haidgattern,Zierbrunnen Trinkwasserentnahme möglich,Auslauf,70877.869,346343.235,14.28697187,48.25142478,true,true,true,Magnetventil,ja,keine,keine,keine,Schacht neben Zierbrunnen,Schacht bei westlichem Parkausgang keine eigen Zählung sondern mit öffentl. WC Anlage,70858.968,346345.521,14.28671776,48.25144744,Schacht neben Brunnen und GtA Lagerraum bei öffentl. WC Analge,"GtA Lagerraum eigene Zählung, Zähler Nr. 3664314",Trinkwasser,9:00 bis 19:00,
brunnen_bop10,B36,BoP10,Volksgarten Bubenstatue,Trinkbrunnen mit Wattrinne,Auslauf,,,,,false,true,false,Magnetventil,ja,keine,keine,Wattrinne Länge ca 17 m Breite ca 2 m Tiefe ca 15 cm,Schacht bei Parkein- gang Arbeiterkammer Konsumentenschutz,Schacht bei Parkein- gang Arbeiterkammer Konsumentenschutz,,,,,SOMMER 2012 ABGEBAUT Freiluftkasten bei Linz AG-Gasverteilerstation,SOMMER 2012 ABGEBAUT Freiluftkasten bei Linz AG-Gasverteilerstation,Bubenstatue wird über den Winter demontiert und als Wasseranschluß für den Christkindlmarkt verwendet,Brunnen SOMMER 2012 ABGEBAUT,
brunnen_bop11,B37,BoP11,Hummelhofwald bei Wattrinne wurde im Jahr 2007 abgebaut,Wattrinne,Auslauf,,,,,false,true,false,keine,keine,keine,keine,Wattrinne Außend. ca 20m Innend ca 13m Tiefe ca 15 cm,Schacht neben Brunnen,Schacht ca.40 m westlich vom Brunnen und Wattrinne Zähler für 2 Trinkbr. und Wattrinne,,,,,keine,keine,wurde im Jahr 2007 abgebaut,Brunnen 2007 von SGL abgebaut,
brunnen_bop12,B38,BoP12,Spittelwiese,Zierbrunnen Trinkwasserentnahme möglich,Steinskulptur Hand mit 5 Finger,70890.142,352039.301,14.28808824,48.30264166,true,true,true,Magnetventil,ja,keine,keine,keine,Schacht neben Brunnen,Schacht neben Brunnen,70891.119,352037.629,14.28810113,48.30262652,Fassade Haus Nr. 5 (Straßenbeleuchtungsverteilerkasten),"Keiner, gemeinsam mit Straßenbeleuchtung pauschaliert.",,9:00 bis 21:00,
brunnen_bop13,,BoP13,A7 Überplattung Bindermichl NORD,Wattrinnen,Auslauf,,,,,false,true,false,keine,keine,keine,keine,,Schacht neben Brunnen,Wasserzähler in Schacht vor Haus Hanuschstr. 80 Zähler für gesamte Ringleitung Bereich NORD,,,,,,,Die Wattrinne wurde im Jahr 2011 von den SGL in ein Schotterbeet umgewandelt.,Brunnen 2011 von SGL in Schotterbeet umgebaut,
brunnen_tb01,B39,TB01,Spielplatz Klausenbachstr.,Trinkbrunnen,Ziehbrunnen,71470.923,355779.329,14.29654673,48.33620609,true,true,true,Hydraulik Druckminderer,keine,keine,keine,keine,"Schacht Schnittpunkt Baum 6,0 m Brunnen 7,2 m im Kies",Schacht ca. 30 m westlich vom Brunnen,71440.817,355761.8,14.29613776,48.33605186,keine,keine,Auf System Druckminderer umgebaut 09.2007,keine Angabe,
brunnen_tb02,B40,TB02,Spielplatz Harbachpark bei Leonfeldnerstr. 99d,Trinkbrunnen,Ziehbrunnen,70663.32,355120.982,14.28554531,48.33037681,true,true,true,Hydraulik Druckminderer,keine,keine,keine,keine,Schacht bei Brunnen,Schacht ca. 100 m südlich vom Brunnen bei Parkende Leonfeldnerstr. 93b,70701.819,355032.357,14.28604966,48.32957562,keine,keine,Auf System Druckminderer umgebaut 05.2008,keine Angabe,
brunnen_tb03,B41,TB03,Spielplatz Baumgärtlstr.,Trinkbrunnen,Ziehbrunnen,72428.618,355082.381,14.30934306,48.32983076,true,true,true,Hydraulik Druckminderer,keine,keine,keine,keine,Schacht bei Brunnen,Schacht bei Brunnen,72427.757,355085.29,14.30933195,48.32985701,keine,keine,"Auf system Druckminderer umgebaut 06.2008 ca. 1 m Wasserstand im Brunnen- schacht, ständig Probleme mit eintretendem Grundwasser",keine Angabe,
brunnen_tb04,B42,TB04,Spielplatz Keplerstr.,Trinkbrunnen,Ziehbrunnen,70555.408,354866.619,14.28404776,48.32810163,true,true,true,Hydraulik Druckminderer,keine,keine,keine,keine,Schacht bei Brunnen,Schacht bei Brunnen,70556.805,354863.957,14.28406615,48.32807754,keine,keine,Auf System Druckminderer umgebaut 09.2008,keine Angabe,Ja
brunnen_tb05,B43,TB05,Spielplatz Ing. Sternstr.,Trinkbrunnen,Ziehbrunnen,72900.57,351540.014,14.31509749,48.29792471,true,true,true,Hydraulik Druckminderer,keine,keine,keine,keine,Schacht bei Brunnen,Schacht bei Brunnen,72898.334,351540.396,14.31506742,48.29792841,keine,keine,Auf System Druckminderer umgebaut 09.2007,keine Angabe,Ja
brunnen_tb06,B44,TB06,Spielplatz Cremeristr.,Trinkbrunnen,Ziehbrunnen,72813.623,351446.793,14.31390978,48.29709646,true,true,true,Hydraulik Druckminderer,keine,keine,keine,keine,Schacht bei Brunnen,Schacht ca. 30 m östlich vom Brunnen,72826.81,351419.62,14.31408282,48.29685062,keine,keine,Auf System Druckminderer umgebaut 09.2008,keine Angabe,Ja
brunnen_tb07,B45,TB07,Eurpaspielplatz neben Europaschule,Trinkbrunnen,Ziehbrunnen,71618.604,352811.363,14.29803642,48.30950219,true,true,true,Hydraulik Druckminderer,keine,keine,keine,keine,Schacht neben Brunnen,Schacht ca. 10 m südlich vom Brunnen,71626.9,352805.14,14.29814719,48.30944530,keine,keine,Auf System Druckminderer umgebaut 04.2011,keine Angabe,Ja
brunnen_tb08,B46,TB08,Spielplatz Pollheimerstr,Trinkbrunnen,Ziehbrunnen,70314.974,349236.591,14.27987196,48.27750398,true,true,true,Hydraulik Druckminderer,keine,keine,keine,keine,Schacht neben Brunnen,Schacht ca. 30 m südlich vom Brunnen,70324.213,349222.415,14.27999407,48.27737549,keine,keine,Auf System Druckminderer umgebaut 05.2008,keine Angabe,Ja
brunnen_tb09,B47,TB09,Spielplatz Panuliwiese,Trinkbrunnen,Ziehbrunnen,72100.452,349838.92,14.30402593,48.28272010,true,true,true,Hydraulik Druckminderer,keine,keine,keine,keine,Schacht neben Brunnen,Schacht bei Parkaus- gang Wankelmüller- hofstr. neben Zebrastr.,72012.536,349934.25,14.30285770,48.28358725,keine,keine,Auf System Druckminderer umgebaut 09.2008,keine Angabe,
brunnen_tb10,B48,TB10,Spielplatz Glimpfingerstr. 94,Trinkbrunnen,Ziehbrunnen,71667.321,348614.401,14.29798404,48.27175840,true,true,true,Hydraulik Druckminderer,keine,keine,keine,keine,Schacht neben Brunnen,Schacht neben Brunnen noch kein Zähler eingebaut,71664.301,348610.339,14.29794267,48.27172221,keine,keine,Auf System Druckminderer umgebaut 09.2007,keine Angabe,
brunnen_tb11,B49,TB11,Spielplatz Minnesängerplatz 14,Trinkbrunnen,Ziehbrunnen,70062.939,350514.934,14.27668788,48.28902651,true,true,true,Hydraulik Druckminderer,keine,keine,keine,keine,Schacht neben Brunnen,Schacht bei Parkein gang Minnesängerplatz 14,70059.849,350490.606,14.27664223,48.28880809,keine,keine,Auf System Druckminderer umgebaut 05.2008,keine Angabe,Ja
brunnen_tb12,B50,TB12,Bauernberg Untere Schüssel Spielplatz,Trinkbrunnen,Ziehbrunnen,,,,,false,true,false,Hydraulik Druckminderer,keine,keine,keine,keine,Schacht neben Brunnen,,,,,,keine,keine,Auf System Druckminderer umgebaut 09.2007,BRUNNEN SOMMER 2012 von SGL abgebaut,
brunnen_tb13,B51,TB13,Spielplatz Limonigasse bei Strm. West,Trinkbrunnen,Ziehbrunnen,70412.684,351563.822,14.28157440,48.29841931,true,true,true,Hydraulik Druckminderer,nein,keine,keine,keine,Schacht neben Brunnen W-Absperrung vermutlich in Strm.,vermutlich mit Strm. mitgezählt,,,,,keine,keine,Auf System Druckminderer umgebaut 09.2008,keine Angabe,
brunnen_tb14,B52,TB14,Spielplatz Laskahof neben Dauphinestr. 199,Trinkbrunnen,Ziehbrunnen,70789.771,346610.273,14.28583019,48.25383576,true,true,true,Hydraulik Druckminderer,keine,keine,keine,keine,Schacht neben Brunnen,Schacht neben Parkein- gang Dauphinestr.,70798.852,346598.762,14.28595054,48.25373124,keine,keine,Auf System Druckminderer umgebaut 09.2007,keine Angabe,
brunnen_tb15,B53,TB15,Spielplatz Hainbuchenweg Westliches Parkende,Trinkbrunnen,Ziehbrunnen,70568.044,345756.607,14.28270305,48.24618429,true,true,true,Hydraulik Druckminderer,keine,keine,keine,keine,Schacht neben Brunnen,Schacht bei östlichem Parkeingang ca. 150 m östlich,70640.084,345835.015,14.28368591,48.24688134,keine,keine,Auf System Druckminderer umgebaut 09.2008,keine Angabe,
brunnen_tb16,B54,TB16,Spielplatz Karl Steiger Str. bei Karl Steiger Str. 42,Trinkbrunnen,Ziehbrunnen,72533.781,346317.905,14.30926247,48.25101048,true,true,true,Hydraulik Druckminderer,keine,keine,keine,keine,Schacht neben Brunnen,Schacht ca. 5 m süd- westlich vom Brunnen,72530.912,346316.087,14.30922353,48.25099446,keine,keine,Auf System Druckminderer umgebaut 09.2007,keine Angabe,
brunnen_tb17,B55,TB17,Park Dauphinestr Kleinmünchen bei Dauphinestr. 24,Trinkbrunnen,Ziehbrunnen,73328.044,346423.658,14.31997441,48.25187038,true,true,true,Hydraulik Druckminderer,keine,keine,keine,keine,Schacht neben Brunnen,Schacht ca. 100 m südlich vom Brunnen,73326.037,346376.06,14.31993918,48.25144262,keine,keine,Auf System Druckminderer umgebaut 09.2007,keine Angabe,
brunnen_tb18,B56,TB18,Spielplatz Straßlandweg nach Straßlandweg 16,Trinkbrunnen,Ziehbrunnen,72876.012,346984.247,14.31398441,48.25696302,true,true,true,Hydraulik Druckminderer,keine,keine,keine,keine,Schacht neben Brunnen,Schacht neben Brunnen,72874.761,346984.096,14.31396754,48.25696181,keine,keine,Auf System Druckminderer umgebaut 09.2007,keine Angabe,
brunnen_tb19,B57,TB19,Spielplatz Ecke Denkstr. Schickmayrstr.,Trinkbrunnen,Ziehbrunnen,72839.337,346680.706,14.31343855,48.25423783,true,true,true,Hydraulik Druckminderer,keine,keine,keine,keine,Schacht neben Brunnen,Schacht neben Brunnen,72837.204,346678.7,14.31340949,48.25422004,keine,keine,Auf System Druckminderer umgebaut 09.2007,keine Angabe,
brunnen_tb20,B58,TB20,Park Ziegeleistr. Spielplatz,Trinkbrunnen,Ziehbrunnen,70610.574,350606.264,14.28408181,48.28978714,true,true,true,Hydraulik Druckminderer,nein,keine,keine,keine,Schacht neben Brunnen,Schacht am Gehweg Ziegeleistr. Gegenüber vom Brunnen vermutlich öffentl. WC- Anlage mitgezählt,70620.322,350639.624,14.28421870,48.29008603,keine,keine,Auf System Druckminderer umgebaut 09.2008,keine Angabe,
brunnen_tb21,B59,TB21,Spielplatz Knollgutstr. bei Knollgutstr.26 (Pichling),Trinkbrunnen,Ziehbrunnen,76854.589,346482.738,14.36746557,48.25198552,true,true,true,Hydraulik Druckminderer,keine,keine,keine,keine,Schacht neben Brunnen,Schacht neben Brunnen,76853.234,346482.649,14.36744731,48.25198489,keine,keine,Auf System Druckminderer umgebaut 09.2007,keine Angabe,Ja
brunnen_tb22,B60,TB22,Schiltenberg (am Waldrand) ca 100 m oberhalb KG Hofmannsthalweg,Trinkbrunnen,Ziehbrunnen,74972.802,345376.327,14.34193445,48.24226141,true,true,true,Hydraulik Druckminderer,keine,keine,keine,keine,Schacht neben Brunnen,Schacht rechts neben Gehsteig in der Wiese und Zaun zu KG gegenüber Hofmannsthalweg 7,74804.912,345335.225,14.33966720,48.24191158,keine,keine,Auf System Druckminderer umgebaut 05.2008,keine Angabe,
brunnen_tb23,B61,TB23,Spielplatz Afritschweg,Trinkbrunnen,Ziehbrunnen,74439.988,344922.611,14.33468267,48.23824421,true,true,true,Hydraulik Druckminderer,keine,keine,keine,keine,Schacht neben Brunnen und Schacht neben Gehsteig und Schacht am Gelände des Kinderbades vor den Duschen,Wandkasten am Gelände des Kinderbades Grundgrenze zum Gelände des Trinkbrunnens,,,,,keine,keine,Achtung Entleerung im Schacht neben Gehsteig (Kanalschacht) Auf System Druckminderer umgebaut 05.2008,keine Angabe,
brunnen_tb24,B62,TB24,Spielplatz Schulertal bei GtA Ritzbergerstr.,Trinkbrunnen,Ziehbrunnen,69892.924,351888.832,14.27462353,48.30139913,true,true,true,Magnetventil,ja,keine,keine,keine,Schacht bei Brunnen W-Absperrung GtA Ritzbergerstr.,kein eigener Zähler - mit GtA Ritzbergerstr. gez.,,,,,Schacht bei Brunnen und GtA Ritzbergerstr.,kein eigener Zähler - mit GtA Ritzbergerstr. gez.,,keine Angabe,
brunnen_tb25,B63,TB25,Spielplatz Neufahrergasse,Trinkbrunnen,Ziehbrunnen,71175.58,356714.442,14.29272100,48.34464758,true,true,true,Hydraulik Druckminderer,ja,keine,keine,keine,Schacht ca. 10 m östlich vom Brunnen,Schacht bei Ballspielplatz,71222.074,356711.12,14.29334757,48.34461249,keine,keine,Auf System Druckminderer umgebaut 04.2011,keine Angabe,
brunnen_tb26,B64,TB26,Spielplatz Prunerstift hinter Musikschule,Trinkbrunnen,Ziehbrunnen,71195.54,352589.653,14.29229663,48.30755617,true,true,true,Hydraulik Druckminderer,keine,keine,keine,keine,Schacht ca. 10 m nördlich vom Brunnen,unbekannt,,,,,keine,keine,Auf System Druckminderer umgebaut 04.2011,keine Angabe,
brunnen_tb27,B65,TB27,Donaupark Spielplatz hinter Parkbad,Trinkbrunnen,Ziehbrunnen,71337.444,353135.287,14.29430116,48.31244648,true,true,true,Hydraulik Druckminderer,keine,keine,keine,keine,Schacht neben Brunnen,unbekannt,,,,,keine,keine,wurde von elektr. auf hydraulisch im Herbst 2005 geändert. SGL wurde verständigt Auf System Druckminderer umgebaut 04.2011,keine Angabe,
brunnen_tb28,B66,TB28,Glimpfingerstr. 62,Trinkbrunnen,Ziehbrunnen,71995.271,348786.125,14.30243037,48.27326547,true,true,true,Magnetventil,ja,keine,keine,keine,Schacht neben Brunnen,Schacht neben Brunnen,71998.499,348783.838,14.30247346,48.27324454,Schacht neben Brunnen,unbekannt,,keine Angabe,Ja
brunnen_tb29,B67,TB29,Tummelplatz,Trinkbrunnen,Hydrant,70540.804,352265.614,14.28341774,48.30471550,true,true,true,Federrückstellung,keine,keine,keine,keine,Schacht bei Brunnen,Schacht bei Brunnen Gemeinsam mit Zierbrunnen gezählt,70541.774,352267.814,14.28343118,48.30473518,keine,keine,,keine Angabe,
brunnen_tb44,B68,TB44,Dorfplatz Magdalena,Trinkbrunnen,2 Ausläufe,71937.009,355829.693,14.30284100,48.33660629,true,true,true,2 Druckknöpfe,keine,keine,keine,keine,"Schacht bei Platzein- fahrt, mehrer Wasser- zähler und W-Absperr- ungen","Schacht bei Platzein- fahrt, mehrer Wasser- zähler und W-Absperr- ungen",71928.632,355833.227,14.30272863,48.33663902,keine,keine,,keine Angabe,Ja
brunnen_tb30,B69,TB30,Ottensheimerstr. 64,Trinkbrunnen,Hydrant,,,,,false,true,false,Federrückstellung,keine,keine,keine,keine,unbekannt,unbekannt,,,,,keine,keine,Brunnen seit über 10 Jahren außer Betrieb,,
brunnen_tb31,B70,TB31,Ecke Ottensheimerstr. Rudolfstr.,Trinkbrunnen,Hydrant,,,,,false,false,false,Federrückstellung,keine,keine,keine,keine,Schacht bei Brunnen,Schacht bei Brunnen,69747.842,352418.796,14.27275543,48.30618043,keine,keine,Brunnen zur Zeit außer Betrieb,keine Angabe,
brunnen_tb32,B71,TB32,Rädlerweg vor Basketballfeld,Trinkbrunnen,Auslauf,72740.532,346267.649,14.31203750,48.25053499,true,true,true,Druckknopf,keine,keine,keine,keine,Schacht neben Brunnen,Schacht neben Brunnen,72742.275,346267.923,14.31206102,48.25053725,keine,keine,2014 Umgebaut auf Druckknopf,keine Angabe,
brunnen_tb33,B72,TB33,Ecke Auwiesenstr. Viktor Adler Gang vor Sportanlage Auwiesen,Trinkbrunnen,Hydrant,72013.852,345610.635,14.30214250,48.24470983,true,true,true,Federrückstellung,keine,keine,keine,keine,Schacht neben Brunnen,Schacht neben Brunnen,72010.209,345607.133,14.30209286,48.24467875,keine,keine,,keine Angabe,
brunnen_tb34,B73,TB34,"Südbahnhof gegenüber Gebäude ""Erste Eisenbahngesellschaft""",Trinkbrunnen,Hydrant,,,,,false,true,false,unbekannt,keine,keine,keine,keine,keine,unbekannt,,,,,keine,keine,Brunnen seit über 10 Jahren außer Betrieb,,
brunnen_tb35,B74,TB35,Pferdepromenade II Spielplatz,Trinkbrunnen,Auslauf,72115.97,355797.354,14.30524900,48.33629520,true,true,true,Druckknopf,keine,keine,keine,keine,Schacht bei Brunnen,"Schacht ca. 5 m süd- lich vom Brunnen,",72120.133,355797.168,14.30530511,48.33629305,keine,keine,,keine Angabe,Ja
brunnen_tb36,B75,TB36,Pferdepromenade I direkt unter der Kirche,Trinkbrunnen,Auslauf,71951.191,355765.224,14.30302130,48.33602499,true,true,true,Druckknopf,keine,keine,keine,keine,Schacht bei Brunnen,Schacht bei Brunnen,71948.218,355760.588,14.30298042,48.33598365,keine,keine,Auffangbecken mit ca. 1 m Durchm.,keine Angabe,Ja
brunnen_tb37,B76,TB37,Spielplatz Schloss,Trinkbrunnen,Auslauf,70375.77,352291.149,14.28119766,48.30496341,true,true,true,Druckknopf,keine,keine,keine,keine,Schacht bei Brunnen Hauptabsperrung KG Technikraum Bolzmanninstitut,Kein eigener Wasserzähler wird mit Schloss mitgezählt seit April 2010 OÖ Landesreg. (Schloss) Hr. Höglinger,,,,,keine,keine,Der ursprüngliche Wasserzählerschacht in der Einfahrt wurde durch die Linz AG versetzt. Seit April 2010 erfolgt keine eigene Wasserzählung für den Trinkbrunnen (ist auf die Wasserversorgung Schloss - Bolzmanninstitut angeschlossen) Ansprechpersonen: Schloss Hr. Höglinger Linz AG: Hr. Neuhuber,keine Angabe,
brunnen_tb38,B77,TB38,Freinberg Neben Jägermayrhof,Trinkbrunnen,Auslauf,69272.663,351817.254,14.26625250,48.30082342,true,true,true,Druckknopf,keine,keine,keine,keine,Blechtür an Rückwand,kein Zähler (Linz AG Ing. Gutner ist informiert),,,,,keine,keine,Über den Winter wird die Druckknopfsteuerung demontiert,keine Angabe,
brunnen_tb39,B78,TB39,Spielplatz Biesenfeld,Trinkbrunnen,Auslauf,71971.354,355596.381,14.30326451,48.33450452,true,true,true,Druckknopf,keine,keine,keine,keine,Schacht ca. 20 m westlich vom Brunnen,Schacht ca. 20 m westlich vom Brunnen,71949.544,355588.223,14.30296899,48.33443364,keine,keine,,keine Angabe,
brunnen_tb40,B79,TB40,Eurpaspielplatz neben Europaschule,Trinkbrunnen 2011 abgebaut,Auslauf,,,,,false,true,false,Druckknopf,keine,keine,keine,keine,Schacht neben Brunnen,Schacht ca. 10 m südlich vom Brunnen,,,,,keine,keine,auf Veranlassung SGL 2011 abgebaut,Brunnen 2011 von SGL abgebaut,
brunnen_tb41,B80,TB41,Hummelhofwald bei Wattrinne,Trinkbrunnen,Auslauf,71310.845,349304.381,14.29329847,48.27800266,true,true,true,Druckknopf,keine,keine,keine,keine,Schacht neben Brunnen,Schacht ca.40 m westlich vom Brunnen und Wattrinne Zähler für 2 Trinkbr. und Wattrinne,,,,,keine,keine,W-Absperrung für Brunnen und Wattrinne in gemeinsamen Schacht,keine Angabe,
brunnen_tb42,B81,TB42,Liegewiese Bauernberg Eingang bei Auf der Gugl 22,Trinkbrunnen,Auslauf,70266.918,351122.925,14.27953696,48.29447096,true,true,true,Druckknopf,keine,keine,keine,keine,Schacht ca. 20 m nordöstlich vom Brunnen,Gehweg Parkeingang gegenüber Auf der Gugl 16,,,,,keine,keine,Brunnen wird vom GtA betreut,keine Angabe,
brunnen_b82,B82,2009 stillgelegt,Spielplatz Kopernikusstr.,Trinkbrunnen,Auslauf,,,,,false,true,false,Druckknopf,keine,keine,keine,keine,Schacht ca 15 m südöstlich vom Brunnen,Zähler bzw Wasseranschluss von SGL 2009 abgemeldet,,,,,keine,keine,Brunnen existiert nicht mehr wasseranschl. von SGL 2009 abgemeldet.,Wasseran- schluss 2009 von SGL abgemeldet,
brunnen_tb43,B83,TB43,Andres Hofer Park bei Parkeingang Kandl Heim,Trinkbrunnen,Auslauf,71540.415,350266.225,14.29655311,48.28662561,true,true,true,Druckknopf,keine,keine,keine,keine,keine,Schacht ca. 20 m südöstlich vom Brunnen,71562.688,350267.127,14.29685335,48.28663122,keine,keine,,keine Angabe,
brunnen_tb45,B84,TB45,Spielplatz Mittelgasse,Trinkbrunnen,Auslauf,70111.316,352651.087,14.27769288,48.30822915,true,true,true,Druckknopf Fußbetätigung,keine,keine,keine,keine,Schacht bei Brunnen,Schacht bei Brunnen,,,,,keine,keine,Schleusensystem mit 5 Schleusen Wartung bis jetzt nur vom GtA,keine Angabe,Ja
brunnen_tb46,B85,TB46,Hummelhofwald Spielplatz,Trinkbrunnen,Auslauf,71251.187,349299.279,14.29249397,48.27796347,true,true,true,Druckknopf Fußbetätigung,keine,keine,keine,keine,W-Absperrung im Zählerschacht von Wattrinne und Trinkbrunnen,Im Zählerschacht von Wattrinne,,,,,keine,keine,,keine Angabe,
brunnen_tb47,B86,TB47,Pulvermühlpark bei Fröllerweg 53,Trinkbrunnen,Auslauf,71812.78,355391.203,14.30109121,48.33267757,true,true,true,Druckknopf Fußbetätigung,keine,keine,keine,keine,Schacht ca. 10 m östlich vom Brunnen,Schacht ca. 10 m östlich vom Brunnen,71818.06,355394.54,14.30116298,48.33270698,keine,keine,,keine Angabe,
brunnen_tb48,B87,TB48,Freinberg Kuppe (Hundetränke) bei Rot Kreuz Sender,Trinkbrunnen,"Auslaufventil 1/2""",69157,352066.37,14.26473435,48.30307604,true,true,true,keine,keine,keine,keine,keine,GtA Unterkunft Freinberg,Schacht ca. 100 m oberhalb bei SBL Hochbehälter GtA Unterkunft Freinberg mitgez.,,,,,keine,keine,Wird nur vom GtA beträut,keine Angabe,
brunnen_tb49,B88,TB49,Teufelstr,Trinkbrunnen,Auslauf,71227.621,348304.727,14.29200968,48.26902324,true,true,true,Druckknopf,keine,keine,keine,keine,Schacht neben Brunnen,Schacht neben Brunnen,71228.365,348304.913,14.29201973,48.26902483,keine,keine,Wurde 08.2010 von Hydrant auf Druckknopf umgebaut,keine Angabe,Ja
brunnen_tb50,B89,TB50,Spielplatz Am Damm unterhalb Ferihumerstr. 50,Trinkbrunnen,Ziehbrunnen,71162.013,353584.178,14.29201176,48.31650250,true,true,true,Hydraulik Druckminderer,keine,keine,keine,keine,Schacht neben Spielplatz Richtung Stiege und ehemaliges Badewärterhaus,Im Keller (Fahrradraum) Haus Ferihumerstr. 50,,,,,keine,keine,Auf System Druckminderer umgebaut 09.2007,keine Angabe,
brunnen_tb51,B90,TB51,Spielplatz Am Damm unterhalb Ferihumerstr. 50,Trinkbrunnen,Auslauf,71164.297,353582.444,14.29204226,48.31648665,true,true,true,Druckknopf,keine,keine,keine,keine,Schacht neben Spielplatz Richtung Stiege und ehemaliges Badewärterhaus,Im Keller (Fahrradraum) Haus Ferihumerstr. 50,,,,,keine,keine,,keine Angabe,
brunnen_tb52,,TB52,Spielplatz Am Damm unterhalb Ferihumerstr. 50,Trinkbrunnen,1Stk Auslaufhahn,71161.247,353564.236,14.29199808,48.31632327,true,true,true,keine,keine,keine,keine,keine,Schacht neben Spielplatz Richtung Stiege und ehemaliges Badewärterhaus,Im Keller (Fahrradraum) Haus Ferihumerstr. 50,,,,,keine,keine,,keine Angabe,
brunnen_tb53,B91,TB53,Spielplatz Am Damm unterhalb Ferihumerstr. 50,Trinkbrunnen,2 Stk Duschen,71154.061,353558.312,14.29190022,48.31627081,true,true,true,keine,keine,keine,keine,keine,Schacht neben Spielplatz Richtung Stiege und ehemaliges Badewärterhaus,Im Keller (Fahrradraum) Haus Ferihumerstr. 50,,,,,keine,keine,Achtung Bei demontierter Duschsäule immer am Boden Abdeckplatte öffnen und KFE Hahn schließen,keine Angabe,
brunnen_tb55,B92,TB55,Spielplatz Einfaltstr. gegenüber Kinderg. Einfaltstr. 8,Trinkbrunnen,Ziehbrunnen,72389.718,348502.212,14.30769500,48.27066781,true,true,true,Hydraulik Druckminderer,keine,keine,keine,keine,Schacht ca. 15 m nördlich vom Brunnen am Parkplatz,Schacht ca. 15 m nördlich vom Brunnen am Parkplatz,72375.028,348513.494,14.30749906,48.27077093,keine,,Auf System Druckminderer umgebaut 04.2011,keine Angabe,Ja
brunnen_tb54,B93,TB54,Spielplatz Marktmühlgasse gegenü. Markrtmühlg.5,Trinkbrunnen,Ziehbrunnen,73886.691,345705.972,14.32737123,48.24535249,true,true,true,Hydraulik Druckminderer,keine,keine,keine,keine,Schacht ca. 8 m südlich vom Brunnen neben Weg,Schacht ca. 8 m südlich vom Brunnen neben Weg,73891.506,345701.685,14.32743530,48.24531338,keine,,Auf System Druckminderer umgebaut 09.2008,keine Angabe,Ja
brunnen_tb56,B94,TB56,Eingang Hummelhofwald,Trinkbrunnen,Ziehbrunnen,71275.134,349037.611,14.29277262,48.27560790,true,true,true,Hydraulik Druckminderer,keine,keine,keine,keine,,,,,,,keine,,,keine Angabe,
brunnen_tb57,B95,TB57,Stadtpark gegnüber Huemerstr.3,Trinkbrunnen,Auslauf,71638.905,352365.416,14.29823468,48.30549004,true,true,true,Druckknopf,keine,keine,keine,keine,,Schacht neben Brunnen,71642.9,352363.891,14.29828827,48.30547588,keine,,,keine Angabe,
brunnen_tb58,B96,TB58,Ecke Kaisergasse Untere Donaulände,Trinkbrunnen,Hydrant,71193.185,352768.945,14.29229501,48.30916860,true,true,true,Federrückstellung,keine,keine,keine,keine,Schacht neben Brunnen,Schacht neben Brunnen,71194.327,352769.666,14.29231052,48.30917495,keine,,,keine Angabe,Ja
brunnen_tb59,B97,TB59,Lonstorfer Platz,Trinkbrunnen,Hydrant,72826.823,351049.7,14.31401947,48.29352438,true,true,true,Federrückstellung,keine,keine,keine,keine,,Gemeinsamer Wasserzähler mit dem Zierbrunnen Lonstorferplatz Schacht ca. 40 m südöstlich vom Brunnen,72848.685,351039.937,14.31431238,48.29343409,,,,keine Angabe,
brunnen_tb60,,TB60,A7 Überplattung Bindermichl Nord bei Kopernikusstr,Trinkbrunnen,Auslauf,71457.239,348944.905,14.29521002,48.27475387,true,true,true,Druckknopf,keine,keine,keine,keine,Schacht neben Brunnen,Wasserzähler in Schacht vor Haus Hanuschstr. 80 Zähler für gesamte Ringleitung Bereich NORD,71415.365,348954.776,14.29464763,48.27484733,keine,keine,,keine Angabe,
brunnen_tb61,,TB61,A7 Überplattung Bindermichl Nord Rampe Nord,Trinkbrunnen,Auslauf,71465.007,348819.781,14.29529359,48.27362790,true,true,true,Druckknopf,keine,keine,keine,keine,Schacht neben Brunnen,Wasserzähler in Schacht vor Haus Hanuschstr. 80 Zähler für gesamte Ringleitung Bereich NORD,71415.365,348954.776,14.29464763,48.27484733,keine,keine,,keine Angabe,
brunnen_tb62,,TB62,A7 Überplattung Bindermichl Süd bei Skaterplatz,Trinkbrunnen,Auslauf,71464.422,348534.791,14.29523775,48.27106538,true,true,true,Druckknopf,keine,keine,keine,keine,Schacht neben Brunnen,Wasserzähler in Schacht neben Haus Weinheberstr. 2 Parkeingang Glimpfingerstr. Zähler für gesamte Ringleitung Bereich SÜD,71544.181,348463.521,14.29630002,48.27041557,keine,keine,,keine Angabe,
brunnen_tb63,,TB63,A7 Überplattung Bindermichl Süd Parkeingang Glimpfingerstr.,Trinkbrunnen,Auslauf,71508.361,348434.691,14.29581271,48.27016036,true,true,true,Druckknopf,keine,keine,keine,keine,Schacht neben Brunnen,Wasserzähler in Schacht neben Haus Weinheberstr. 2 Parkeingang Glimpfingerstr. Zähler für gesamte Ringleitung Bereich SÜD,71544.181,348463.521,14.29630002,48.27041557,keine,keine,,keine Angabe,
brunnen_tb64,,TB64,A7 Überplattung Bindermichl Süd Wasserspielplatz,Trinkbrunnen,Auslauf,71479.674,348360.606,14.29541386,48.26949742,true,true,true,Druckknopf,keine,keine,keine,keine,Schacht neben Brunnen,Wasserzähler in Schacht neben Haus Weinheberstr. 2 Parkeingang Glimpfingerstr. Zähler für gesamte Ringleitung Bereich SÜD,71544.181,348463.521,14.29630002,48.27041557,keine,keine,,keine Angabe,
brunnen_tb65,,TB65,A7 Überplattung Bindermichl Süd Wasserspielplatz,Bachlauf,Bachlauf,,,,,true,true,false,Druckknopf,keine,keine,keine,keine,Schacht neben Brunnen,Wasserzähler in Schacht neben Haus Weinheberstr. 2 Parkeingang Glimpfingerstr. Zähler für gesamte Ringleitung Bereich SÜD,,,,,keine,keine,,,
brunnen_tb66,,TB66,A7 Überplattung Bindermichl Süd Wasserspielplatz,Trinkbrunnen,Bogenauslauf,71482.779,348363.898,14.29545623,48.26952667,true,true,true,Druckknopf,keine,keine,keine,keine,Schacht neben Brunnen,Wasserzähler in Schacht neben Haus Weinheberstr. 2 Parkeingang Glimpfingerstr. Zähler für gesamte Ringleitung Bereich SÜD,71544.181,348463.521,14.29630002,48.27041557,keine,keine,,keine Angabe,
brunnen_tb67,,TB67,A7 Überplattung Bindermichl Süd Wasserspielplatz,Trinkbrunnen,Ziehbrunnen,71485.455,348353.12,14.29549046,48.26942946,true,true,true,Hydraulik Druckminderer,keine,keine,keine,keine,Schacht neben Brunnen,Wasserzähler in Schacht neben Haus Weinheberstr. 2 Parkeingang Glimpfingerstr. Zähler für gesamte Ringleitung Bereich SÜD,71544.181,348463.521,14.29630002,48.27041557,keine,keine,Auf System Druckminderer umgebaut 04.2011,keine Angabe,
brunnen_tb68,,TB68,A7 Überplattung Bindermichl Süd Wasserspielplatz,Fontänenhüpfer,Fontänenhüpfer,,,,,true,true,false,Hydraulik,keine,keine,keine,keine,Schacht neben Brunnen,Wasserzähler in Schacht neben Haus Weinheberstr. 2 Parkeingang Glimpfingerstr. Zähler für gesamte Ringleitung Bereich SÜD,,,,,keine,keine,,,
brunnen_tb69,,TB69,Solar City Zentrum Lunaplatz,Trinkbrunnen,Auslauf,76320.947,347126.239,14.36039633,48.25783592,true,true,true,Druckknopf,keine,keine,keine,keine,Tiefgarage bei Brunnentechnik,Tiefgarage bei Brunnentechnik Kein LinzAG Zähler,,,,,keine,,In den Zierbrunnen sind zwei Trinkwasserspender in Form von Druckknöpfen integriert,keine Angabe,
brunnen_tb70,,TB70,Solar City Wasserspielplatz,Bachlauf,Bachlauf,,,,,true,true,false,Magnetventil Sensor berührungslos,ja,keine,keine,keine,Schacht neben Brunnen,Schacht in der Wiese ca 50 m südlich vom Brunnen,,,,,Freiluftkasten ca. 200 m westlich vom Brunnen,,,,
brunnen_tb71,,TB71,Solar City Wasserspielplatz,Trinkbrunnen,Ziehbrunnen,76443.704,347436.068,14.36210503,48.26060707,true,true,true,Hydraulik Druckminderer,keine,keine,keine,keine,Schacht neben Brunnen und Schacht vom Bachlauf,Schacht in der Wiese neben Gehweg ca 100 m südlich vom Brunnen,76417.189,347364.963,14.36173519,48.25997090,noch offen,,Achtung! Zweiter Schacht mit Entleerung in der Wiese neben Beleuchtungsmast ca. 70 m südlich vom Brunnen,keine Angabe,
brunnen_tb72,,TB72,Herbert-Bayer-Platz (Prunerstr.),Trinkbrunnen,Auslauf,71168.938,352500.422,14.29192309,48.30675681,true,true,true,Druckknopf,keine,keine,keine,keine,Im Wasserzähler schacht,ca. 15 m südöstlich vom Brunnen,71169.498,352487.586,14.29192848,48.30664133,keine,keine,,keine Angabe,
brunnen_tb73,,TB73,Heilhamerpark ca. 250 m südlich Parkeingang Leonfeldnerstr. 66,Trinkbrunnen,Auslauf,70854.203,354582.457,14.28802918,48.32551323,true,true,true,Druckknopf,keine,keine,keine,keine,Im Wasserzähler schacht,Schacht neben Brunnen,70853.063,354583.49,14.28801398,48.32552265,keine,keine,Kosten für Wasser und Kanal werden von der Linz AG bezahlt; keine Verrechnung über SGL,keine Angabe,
brunnen_tb74,,TB74,Hauptplatz südliche Grüninsel,Trinkbrunnen,Auslauf,70789.954,352343.128,14.28678871,48.30538479,true,true,true,Druckknopf,keine,keine,keine,keine,Schacht ca. 4 m nördlich vom Brunnen,LinzAG Zähler in der Tiefgarage Hauptplatz 1. UG bei Stellplatz ... Subzähler für Brunnen im Schacht neben Brunnen,,,,,keine,keine,Achtung! Linz AG Zähler in der TG ist auf OberaignerKG angemeldet. Die Verrechnung für den Wasser verbrauch Brunnen erfolgt von Oberaigner KG mit den SGL,keine Angabe,
brunnen_tb75,,TB75,Grünmarkt Urfahr,Trinkbrunnen,Auslauf,70341.29,352994.17,14.28084962,48.31128868,true,true,true,Druckknopf,keine,keine,keine,keine,Absperrung in der Holzbank neben dem Brunnen Entleerung im Schacht neben dem Brunnen,Wasserzähler im Technikraum westlicher Kioskbereich,70342.61,352992.97,14.28086721,48.31127774,keine,keine,ACHTUNG! Über den WAsserzähler werden auch Bewässerungshydranten der SGL und Anschlüsse für Kioske versorgt. Hydranten müssen von den SGL betreut werden. Begleitheizung für Kioske - WSL,keine Angabe,
brunnen_tb76,,TB76,Bauernberg Spielplatz oberhalb der Liegewiese,Trinkbrunnen,Ziehbrunnen,70269.395,351159.529,14.27957641,48.29479983,true,true,true,Hydraulik Druckminderer,keine,keine,keine,keine,Schacht neben Brunnen,Gehweg Parkeingang gegenüber Auf der Gugl 16,70249.568,351276.626,14.27932862,48.29585494,keine,keine,Brunnen wurde im Herbst 2012von den SGL neu errichtet,keine Angabe,
brunnen_tb77,,TB77,Volksgarten Wasserspielplatz,Trinkbrunnen,Bogenauslauf mit Sensor,71155.68,351203.57,14.29152675,48.29509724,true,true,true,Sensor 9V Batterie,ja,keine,keine,keine,Schacht ca. 10 m östlich vom Brunnen,Wasserzähler für den gesamten Volksgarten nördlicher Parkeingang bei WC Anlage (mittlerer von 3 Schächten),71153.062,351217.731,14.29149384,48.29522486,keine,keine,Elektronik im Bogenauslauf eingebaut 9V Batterie,keine Angabe,
brunnen_tb78,,TB78,Garten für Alle Ottensheimerstr.,Nutzwasser brunnen,?,,,,,true,false,false,Schwengel brunnen,keine,keine,keine,keine,keine,Grundwasser brunnen,,,,,keine,keine,,,
brunnen_tb79,,TB79,Steinmetzplatzl bei WC-Anlage Ottensheimerstr.,Trinkbrunnen,Dusche und Auslauf,70216.424,352623.645,14.27910507,48.30797079,true,true,true,Druckknopf und Absperrhahn,keine,keine,keine,keine,Im Wasserzähler schacht,Schacht ca. 6m südlich vom Brunnen,70217.014,352617.013,14.27911193,48.30791109,keine,keine,,keine Angabe,
brunnen_tb80,,TB80,Skaterplatz Ecke Lastenstr./ Grestenbergerstr.,Trinkbrunnen,Auslauf,72256.842,351190.201,14.30636298,48.29485279,true,true,true,Druckknopf,keine,keine,keine,keine,Schacht neben Brunnen,Schacht neben Brunnen,72256.306,351191.082,14.30635591,48.29486077,keine,keine,,keine Angabe,
brunnen_tb81,,TB81,Basketballfeld Südende Grestenbergerstr.,Trinkbrunnen,Auslauf,72550.319,350863.494,14.31026176,48.29188168,true,true,true,Druckknopf,keine,keine,keine,keine,Schacht neben Brunnen,Schacht neben Brunnen,72550.999,350865.891,14.31027134,48.29190316,keine,keine,,keine Angabe,
brunnen_tb82,,TB82,Park Hessenplatz Kiosk-Gebäude,Trinkbrunnen,Auslauf,71326.18,351835.41,14.29393057,48.30075952,true,true,true,Druckknopf,keine,keine,keine,keine,UG ehemaliges Damen WC,Schlüssel für Zugang Wasserabserrung bei Fr. Ing. Kluczyk GMT,,,,,keine,keine,,keine Angabe,
brunnen_tb83,,TB83,Hundefreilaufzone Blumau,Trinkbrunnen,Auslauf,71431.128,351232.715,14.29524342,48.29532841,true,true,true,Druckknopf,keine,keine,keine,keine,Schacht neben Brunnen,Schacht neben Brunnen,71431.252,351233.584,14.29524523,48.29533621,keine,keine,,keine Angabe,
brunnen_tb84,,TB84,Hundefreilaufzone Ing. Stern Str.,Trinkbrunnen,Auslauf,73040,351446.72,14.31696038,48.29706983,true,true,true,Druckknopf,keine,keine,keine,keine,Schacht neben Brunnen,Technikraum Keller Kinderfreibad Wimhölzlstr. Sub-Zähler,73050,351408,14.31708847,48.29672052,,,,,
brunnen_tb85,,TB85,Heilhammerweg neben WC Container,Trinkwasser,Dusche und Auslauf,71277.29,353833.933,14.29360784,48.31873531,true,true,true,Druckknopf und Absperrhahn,keine,keine,keine,keine,Schacht im Beh. WC,Schacht vor dem Würstelstand,71260.582,353831.521,14.29338218,48.31871550,keine,keine,,keine Angabe,
brunnen_tb86,,TB86,A7 Überplattung Bindermichl Rampe Lissfeld,Trinkwasser,Auslauf,71557.64,348161.451,14.29643040,48.26769788,true,true,true,Druckknopf,keine,keine,keine,keine,Schacht neben Brunnen,Am Überplattungs Ring,71558.039,348163.282,14.29643608,48.26771430,keine,keine,,keine Angabe,
