id,standort_id,name,jahr,monat,anzahl_clients
nutzung_3f69a2816798b35ac5a0,hotspot_6b7f88ea3d0ec23d6215,AEC Dach,2022,1,74
nutzung_718b1c6216a1ecb52fff,hotspot_6b7f88ea3d0ec23d6215,AEC Dach,2022,2,135
nutzung_853cc1b15c53ffe8a11e,hotspot_6b7f88ea3d0ec23d6215,AEC Dach,2022,3,305
nutzung_3486e430ab50f1110a1c,hotspot_6b7f88ea3d0ec23d6215,AEC Dach,2022,4,260
nutzung_b41cab37ed1df3022cab,hotspot_6b7f88ea3d0ec23d6215,AEC Dach,2022,5,719
nutzung_0bd5d31d7516b7bffc69,hotspot_6b7f88ea3d0ec23d6215,AEC Dach,2022,6,583
nutzung_8dfa08c8699f22322c5e,hotspot_6b7f88ea3d0ec23d6215,AEC Dach,2022,7,356
nutzung_8cc494328f72d9b4916b,hotspot_ea93c6afb71ce9bdd0de,AKH,2022,1,37
nutzung_5b18c6e7529a8427a839,hotspot_ea93c6afb71ce9bdd0de,AKH,2022,2,46
nutzung_1e132dc8f407706fc08c,hotspot_ea93c6afb71ce9bdd0de,AKH,2022,3,81
nutzung_5ae66fd04db14c0eddab,hotspot_ea93c6afb71ce9bdd0de,AKH,2022,4,55
nutzung_a51f1dd53742f41cd79f,hotspot_ea93c6afb71ce9bdd0de,AKH,2022,5,75
nutzung_a2db14613b32bc3a1d0f,hotspot_ea93c6afb71ce9bdd0de,AKH,2022,6,58
nutzung_8614d45637fb659a347a,hotspot_ea93c6afb71ce9bdd0de,AKH,2022,7,66
nutzung_b609a9409ae587c356d1,hotspot_ad101e6ab0dcbe00e116,AKH Bibliothek,2022,1,79
nutzung_38654e05b804a7372c57,hotspot_ad101e6ab0dcbe00e116,AKH Bibliothek,2022,2,68
nutzung_1b7a8ad7642137ce0bdd,hotspot_ad101e6ab0dcbe00e116,AKH Bibliothek,2022,3,71
nutzung_e1ffc32f2ec5a2e47f8f,hotspot_ad101e6ab0dcbe00e116,AKH Bibliothek,2022,4,75
nutzung_ca3b09e4e2b30a1a8877,hotspot_ad101e6ab0dcbe00e116,AKH Bibliothek,2022,5,84
nutzung_2dc8ea80a9976c6af6f9,hotspot_ad101e6ab0dcbe00e116,AKH Bibliothek,2022,6,79
nutzung_6f54cb89274c15a1de15,hotspot_ad101e6ab0dcbe00e116,AKH Bibliothek,2022,7,54
nutzung_54757cbb9d22b52891ec,hotspot_6b5c9a0fe2019392b64e,AKH Park,2022,1,123
nutzung_b84bc1a5dc91e3f3b456,hotspot_6b5c9a0fe2019392b64e,AKH Park,2022,2,123
nutzung_41808d52cfac2956cd5e,hotspot_6b5c9a0fe2019392b64e,AKH Park,2022,3,102
nutzung_606377ef6889ea7e3d29,hotspot_6b5c9a0fe2019392b64e,AKH Park,2022,4,92
nutzung_ab5f0324c88cc697273c,hotspot_6b5c9a0fe2019392b64e,AKH Park,2022,5,184
nutzung_9185c136bbfbdf979a64,hotspot_6b5c9a0fe2019392b64e,AKH Park,2022,6,179
nutzung_40691fd2a8eb1521100a,hotspot_6b5c9a0fe2019392b64e,AKH Park,2022,7,116
nutzung_eb702e85d96cacac295c,hotspot_19dd279191db6a1c763a,Altes Rathaus,2022,1,14
nutzung_db99882b3ae28fc71373,hotspot_19dd279191db6a1c763a,Altes Rathaus,2022,2,20
nutzung_95f32c6ada1a3d54dbad,hotspot_19dd279191db6a1c763a,Altes Rathaus,2022,3,22
nutzung_ae8e5daeba866172932d,hotspot_19dd279191db6a1c763a,Altes Rathaus,2022,4,35
nutzung_fb7ffcc579221d1789a4,hotspot_19dd279191db6a1c763a,Altes Rathaus,2022,5,36
nutzung_67f77aac46e85bb4c386,hotspot_19dd279191db6a1c763a,Altes Rathaus,2022,6,43
nutzung_3ae1d856ce405e56a832,hotspot_19dd279191db6a1c763a,Altes Rathaus,2022,7,29
nutzung_2c4e6936c39e781fbf57,hotspot_b64421c5864e31c4ea70,Altstadt 10,2022,1,450
nutzung_d867ec476b7b5db2f1e2,hotspot_b64421c5864e31c4ea70,Altstadt 10,2022,2,505
nutzung_80d79859562ba0154917,hotspot_b64421c5864e31c4ea70,Altstadt 10,2022,3,629
nutzung_219dabfe684b82c801f6,hotspot_b64421c5864e31c4ea70,Altstadt 10,2022,4,590
nutzung_8b3453cfd692fbe39b4a,hotspot_b64421c5864e31c4ea70,Altstadt 10,2022,5,455
nutzung_1a095cb5c7ede30cdf3e,hotspot_b64421c5864e31c4ea70,Altstadt 10,2022,6,601
nutzung_734d25d68a79a1f58e26,hotspot_b64421c5864e31c4ea70,Altstadt 10,2022,7,387
nutzung_7eb0bbf7d22f164e1ae0,hotspot_086eb2a2d89c27b27328,AnnPatt,2022,1,673
nutzung_fa2d17e850f15e01197f,hotspot_086eb2a2d89c27b27328,AnnPatt,2022,2,551
nutzung_6e0b7247ccb7d767025a,hotspot_086eb2a2d89c27b27328,AnnPatt,2022,3,707
nutzung_e675570252c9ec3fbf9d,hotspot_086eb2a2d89c27b27328,AnnPatt,2022,4,753
nutzung_43c07bbdcb8901b9be1f,hotspot_086eb2a2d89c27b27328,AnnPatt,2022,5,701
nutzung_a1e12850cf04d32528f1,hotspot_086eb2a2d89c27b27328,AnnPatt,2022,6,575
nutzung_51facac3f29d2c060628,hotspot_086eb2a2d89c27b27328,AnnPatt,2022,7,381
nutzung_cdb285437a3cfbd0d66e,hotspot_6bfb2add5071ad632f34,Arcotel,2022,1,245
nutzung_89fb8ef2c17a3091701e,hotspot_6bfb2add5071ad632f34,Arcotel,2022,2,216
nutzung_c72c64d4a8234f4afbca,hotspot_6bfb2add5071ad632f34,Arcotel,2022,3,239
nutzung_6daa36d5c71dd35956d0,hotspot_6bfb2add5071ad632f34,Arcotel,2022,4,168
nutzung_f24dddd7a022fce21a35,hotspot_6bfb2add5071ad632f34,Arcotel,2022,5,640
nutzung_ef04855cf86f31127694,hotspot_6bfb2add5071ad632f34,Arcotel,2022,6,1059
nutzung_5bc4a030f111be27c83d,hotspot_6bfb2add5071ad632f34,Arcotel,2022,7,874
nutzung_f917428edd36de4bad86,hotspot_312ebbdfef6f5a20b4af,ASKOe,2022,1,297
nutzung_586bb2a4888e2b481d29,hotspot_312ebbdfef6f5a20b4af,ASKOe,2022,2,278
nutzung_ffc1ffc61a5c6a754a3b,hotspot_312ebbdfef6f5a20b4af,ASKOe,2022,3,432
nutzung_076e8a368c07f10dc752,hotspot_312ebbdfef6f5a20b4af,ASKOe,2022,4,369
nutzung_b74fd303666da114d567,hotspot_312ebbdfef6f5a20b4af,ASKOe,2022,5,288
nutzung_135985bf1ef539c587a8,hotspot_312ebbdfef6f5a20b4af,ASKOe,2022,6,241
nutzung_9691adf47cf1cb53471f,hotspot_312ebbdfef6f5a20b4af,ASKOe,2022,7,86
nutzung_f02c642d38a70705f133,hotspot_d7464412376d4946bd94,B37,2022,1,684
nutzung_bd78db107541ae3dc5ae,hotspot_d7464412376d4946bd94,B37,2022,2,208
nutzung_5db4b0841a35d6513163,hotspot_d7464412376d4946bd94,B37,2022,3,316
nutzung_8fc83267e707ac11fb0d,hotspot_d7464412376d4946bd94,B37,2022,4,272
nutzung_b9aca27b4a9c030ef584,hotspot_d7464412376d4946bd94,B37,2022,5,452
nutzung_7525769236322eca5074,hotspot_d7464412376d4946bd94,B37,2022,6,504
nutzung_583ae8508fb1b329ea19,hotspot_d7464412376d4946bd94,B37,2022,7,193
nutzung_2708280ed97b831156cb,hotspot_d6dd018136cd7634dde7,Bahnhof Park,2022,1,2685
nutzung_ca7fa896067e0728d5d5,hotspot_d6dd018136cd7634dde7,Bahnhof Park,2022,2,2016
nutzung_80494343e71903328e38,hotspot_d6dd018136cd7634dde7,Bahnhof Park,2022,3,3187
nutzung_bfac7139c99acaef77ef,hotspot_d6dd018136cd7634dde7,Bahnhof Park,2022,4,2635
nutzung_6bcb0176fced4fd8e790,hotspot_d6dd018136cd7634dde7,Bahnhof Park,2022,5,3899
nutzung_154ad0abec1e41f3712b,hotspot_d6dd018136cd7634dde7,Bahnhof Park,2022,6,4226
nutzung_d1246e795380c6e91003,hotspot_d6dd018136cd7634dde7,Bahnhof Park,2022,7,2740
nutzung_33f5c4dd3949371118ae,hotspot_48719a172ad7bbec3ec3,Bernaschekplatz,2022,1,490
nutzung_518690b2c63c072c2756,hotspot_48719a172ad7bbec3ec3,Bernaschekplatz,2022,2,412
nutzung_066a2f7afae24b8c3e9f,hotspot_48719a172ad7bbec3ec3,Bernaschekplatz,2022,3,476
nutzung_f062b2368a56b8a3091f,hotspot_48719a172ad7bbec3ec3,Bernaschekplatz,2022,4,448
nutzung_2b2509eccea44ed78dee,hotspot_48719a172ad7bbec3ec3,Bernaschekplatz,2022,5,128
nutzung_347f6b6a53c037e4d621,hotspot_48719a172ad7bbec3ec3,Bernaschekplatz,2022,6,149
nutzung_3118d163477b2280432f,hotspot_48719a172ad7bbec3ec3,Bernaschekplatz,2022,7,263
nutzung_869019755646ed8edc9a,hotspot_892978d720411c890aea,Bibliothek Dornach,2022,1,33
nutzung_52d2203ce6953e152a8a,hotspot_892978d720411c890aea,Bibliothek Dornach,2022,2,33
nutzung_29ec452033bcfed41bae,hotspot_892978d720411c890aea,Bibliothek Dornach,2022,3,32
nutzung_f86af437325101dadaa7,hotspot_892978d720411c890aea,Bibliothek Dornach,2022,4,12
nutzung_be79addc15ea33e93537,hotspot_892978d720411c890aea,Bibliothek Dornach,2022,5,13
nutzung_f3adc7567a68c9102a68,hotspot_892978d720411c890aea,Bibliothek Dornach,2022,6,10
nutzung_996192af1ad2d2676e20,hotspot_892978d720411c890aea,Bibliothek Dornach,2022,7,14
nutzung_82f1e75ab42244a6363c,hotspot_b7762d0f6fdad14226fc,Bibliothek Neue Heimat,2022,1,141
nutzung_b615b49f826d2c7530df,hotspot_b7762d0f6fdad14226fc,Bibliothek Neue Heimat,2022,2,167
nutzung_957c5877c9670fde9d2e,hotspot_b7762d0f6fdad14226fc,Bibliothek Neue Heimat,2022,3,144
nutzung_2d6c7e1cb295ef7c8e9f,hotspot_b7762d0f6fdad14226fc,Bibliothek Neue Heimat,2022,4,62
nutzung_d567cdd070e1bc2ba2a5,hotspot_b7762d0f6fdad14226fc,Bibliothek Neue Heimat,2022,5,108
nutzung_f92c81a75044e355034e,hotspot_b7762d0f6fdad14226fc,Bibliothek Neue Heimat,2022,6,94
nutzung_0cccbc5548385d8db378,hotspot_b7762d0f6fdad14226fc,Bibliothek Neue Heimat,2022,7,58
nutzung_ee57c78a3b3f6f7378ca,hotspot_bbab7fc7b66e9b608097,Bibliothek Pichling,2022,1,12
nutzung_49467f1b0e58455d9200,hotspot_bbab7fc7b66e9b608097,Bibliothek Pichling,2022,2,21
nutzung_54e502b75a71fc65089d,hotspot_bbab7fc7b66e9b608097,Bibliothek Pichling,2022,3,25
nutzung_988387a195da34a2e778,hotspot_bbab7fc7b66e9b608097,Bibliothek Pichling,2022,4,29
nutzung_2d9bb76622fdb8f571cb,hotspot_bbab7fc7b66e9b608097,Bibliothek Pichling,2022,5,37
nutzung_704e5a54b924a9adf57d,hotspot_bbab7fc7b66e9b608097,Bibliothek Pichling,2022,6,24
nutzung_eda1695a3978f5a5e4b7,hotspot_bbab7fc7b66e9b608097,Bibliothek Pichling,2022,7,24
nutzung_f6dc6351e784f02fcb67,hotspot_0a83e8f7e95b073e01b5,Bindermichl,2022,1,176
nutzung_29d6afcd5278161019d9,hotspot_0a83e8f7e95b073e01b5,Bindermichl,2022,2,245
nutzung_1c03de4bd2693a3199c4,hotspot_0a83e8f7e95b073e01b5,Bindermichl,2022,3,433
nutzung_ee8ed555f9c5f97802cd,hotspot_0a83e8f7e95b073e01b5,Bindermichl,2022,4,414
nutzung_a4331285e7160d5dbf7e,hotspot_0a83e8f7e95b073e01b5,Bindermichl,2022,5,781
nutzung_6a924fe33b2b7b31bbbb,hotspot_0a83e8f7e95b073e01b5,Bindermichl,2022,6,776
nutzung_98b0b633187a02567879,hotspot_0a83e8f7e95b073e01b5,Bindermichl,2022,7,552
nutzung_f9f1e8b688f95f9f959c,hotspot_a3943a2fe9a25901d08b,Botanischer Garten,2022,1,39
nutzung_e955159e68ff153baaf3,hotspot_a3943a2fe9a25901d08b,Botanischer Garten,2022,2,45
nutzung_09d61a58aa7df3e1cf3a,hotspot_a3943a2fe9a25901d08b,Botanischer Garten,2022,3,63
nutzung_f77be560e89d86f09d9d,hotspot_a3943a2fe9a25901d08b,Botanischer Garten,2022,4,55
nutzung_c98647ab1e753cb7fdf4,hotspot_a3943a2fe9a25901d08b,Botanischer Garten,2022,5,72
nutzung_e16b3f49e8185f57b6fd,hotspot_a3943a2fe9a25901d08b,Botanischer Garten,2022,6,83
nutzung_daee0a1b4cb61097bf84,hotspot_a3943a2fe9a25901d08b,Botanischer Garten,2022,7,50
nutzung_6017c89bc49b73e0cbb6,hotspot_e821df0ee959b4c98416,Brucknerhaus,2022,1,273
nutzung_1082d066c16e98a3a5b0,hotspot_e821df0ee959b4c98416,Brucknerhaus,2022,2,171
nutzung_20a7426580facd122982,hotspot_e821df0ee959b4c98416,Brucknerhaus,2022,3,268
nutzung_6d7bbe0919605d40b582,hotspot_e821df0ee959b4c98416,Brucknerhaus,2022,4,276
nutzung_f2ba52ace0831b695924,hotspot_e821df0ee959b4c98416,Brucknerhaus,2022,5,612
nutzung_dba8b98be2a083dea720,hotspot_e821df0ee959b4c98416,Brucknerhaus,2022,6,655
nutzung_7dfa791792928cdc95ee,hotspot_e821df0ee959b4c98416,Brucknerhaus,2022,7,396
nutzung_195933662ccc33e087d1,hotspot_20bccbd494ac29064116,Buergerstrasse,2022,1,2227
nutzung_ec03fb74847b5c7298de,hotspot_20bccbd494ac29064116,Buergerstrasse,2022,2,1880
nutzung_9547e2c00c484a433a04,hotspot_20bccbd494ac29064116,Buergerstrasse,2022,3,1150
nutzung_04b0062383da2cf7debf,hotspot_20bccbd494ac29064116,Buergerstrasse,2022,4,1473
nutzung_fe3b37035bcbf6214f2f,hotspot_20bccbd494ac29064116,Buergerstrasse,2022,5,2685
nutzung_6c19c20dc90e908ac5ce,hotspot_20bccbd494ac29064116,Buergerstrasse,2022,6,1905
nutzung_7532fab36eb4623153ba,hotspot_20bccbd494ac29064116,Buergerstrasse,2022,7,2647
nutzung_cdfa0b1b7e66e40b4ceb,hotspot_d255813fbe9da2288ad2,Busbahnhof,2022,1,1516
nutzung_5b3601281c67845b80c8,hotspot_d255813fbe9da2288ad2,Busbahnhof,2022,2,1448
nutzung_e353bc610e097cd40e8f,hotspot_d255813fbe9da2288ad2,Busbahnhof,2022,3,1039
nutzung_535a1a51a49039cdd75a,hotspot_d255813fbe9da2288ad2,Busbahnhof,2022,4,1569
nutzung_7864209c4a92f1c963a5,hotspot_d255813fbe9da2288ad2,Busbahnhof,2022,5,2585
nutzung_53bbd08875a85c531427,hotspot_d255813fbe9da2288ad2,Busbahnhof,2022,6,2276
nutzung_fb04ccd2e4013ef33e67,hotspot_d255813fbe9da2288ad2,Busbahnhof,2022,7,1198
nutzung_3aae2253db329a147d85,hotspot_1cac28c0ebaae12b0c23,Citypark,2022,1,
nutzung_a61cd096c43e8d0ca69e,hotspot_1cac28c0ebaae12b0c23,Citypark,2022,2,80
nutzung_982681a8880f6ced7ef4,hotspot_1cac28c0ebaae12b0c23,Citypark,2022,3,182
nutzung_5923625fec9c783a5b2a,hotspot_1cac28c0ebaae12b0c23,Citypark,2022,4,150
nutzung_0db1f688656c934415c8,hotspot_1cac28c0ebaae12b0c23,Citypark,2022,5,239
nutzung_b04ad2d39fa9ff886cd7,hotspot_1cac28c0ebaae12b0c23,Citypark,2022,6,243
nutzung_faad728aba23b627ff71,hotspot_1cac28c0ebaae12b0c23,Citypark,2022,7,170
nutzung_3c902c27e4bd3fb19ffd,hotspot_78481e49adef11e902ac,Domplatz,2022,1,
nutzung_b903568f4d7d05a8db6c,hotspot_78481e49adef11e902ac,Domplatz,2022,2,97
nutzung_4955cf6afcb7a86292cf,hotspot_78481e49adef11e902ac,Domplatz,2022,3,320
nutzung_ff004e5fc860935cc769,hotspot_78481e49adef11e902ac,Domplatz,2022,4,280
nutzung_715dcb43d778c3aab13a,hotspot_78481e49adef11e902ac,Domplatz,2022,5,474
nutzung_ea6630629f940162686d,hotspot_78481e49adef11e902ac,Domplatz,2022,6,294
nutzung_862c2519e9340c5ba1bb,hotspot_78481e49adef11e902ac,Domplatz,2022,7,181
nutzung_f647ebddb7bd1254a603,hotspot_5a565c79ccb9326e5038,Donaulaende,2022,1,227
nutzung_c43bd305f27a93cc558e,hotspot_5a565c79ccb9326e5038,Donaulaende,2022,2,278
nutzung_672ff2e63693934a4def,hotspot_5a565c79ccb9326e5038,Donaulaende,2022,3,384
nutzung_915d15429f9c39a609a0,hotspot_5a565c79ccb9326e5038,Donaulaende,2022,4,154
nutzung_e556a3ea3dd0b399ebb6,hotspot_5a565c79ccb9326e5038,Donaulaende,2022,5,
nutzung_37b7f28691a0233f09ff,hotspot_5a565c79ccb9326e5038,Donaulaende,2022,6,19
nutzung_3be5fd79a19d1ae84075,hotspot_5a565c79ccb9326e5038,Donaulaende,2022,7,658
nutzung_0c43bf1cf06214af292e,hotspot_9dd162d3fc41a81db1b9,Eisenbahnbruecke,2022,1,84
nutzung_084f61d4d35a8c3e5740,hotspot_9dd162d3fc41a81db1b9,Eisenbahnbruecke,2022,2,153
nutzung_abdb14aedcae694694af,hotspot_9dd162d3fc41a81db1b9,Eisenbahnbruecke,2022,3,245
nutzung_80a5b8007bcd9d433561,hotspot_9dd162d3fc41a81db1b9,Eisenbahnbruecke,2022,4,242
nutzung_7fd296737a2bf724a457,hotspot_9dd162d3fc41a81db1b9,Eisenbahnbruecke,2022,5,346
nutzung_dcab8233c8e9ee0ec003,hotspot_9dd162d3fc41a81db1b9,Eisenbahnbruecke,2022,6,425
nutzung_2a90d573182dc22bc5da,hotspot_9dd162d3fc41a81db1b9,Eisenbahnbruecke,2022,7,351
nutzung_f3763cdebe14899bc3f5,hotspot_c60061fdbbda65130208,Eishalle,2022,1,420
nutzung_77ff64056d4c1291ec24,hotspot_c60061fdbbda65130208,Eishalle,2022,2,412
nutzung_78039f4b00d74d5c0d7b,hotspot_c60061fdbbda65130208,Eishalle,2022,3,247
nutzung_efdbfe0d49bccf376bb5,hotspot_c60061fdbbda65130208,Eishalle,2022,4,213
nutzung_3c4a56f303111dc0f05f,hotspot_c60061fdbbda65130208,Eishalle,2022,5,107
nutzung_b25220717603a8141a60,hotspot_c60061fdbbda65130208,Eishalle,2022,6,136
nutzung_d88eb277f1ecbdde8d5d,hotspot_c60061fdbbda65130208,Eishalle,2022,7,116
nutzung_cb3eb7740f1e00972720,hotspot_634d78104337fdb7fc35,EKZ Muldenstrasse,2022,1,377
nutzung_281f0dcd5dd8705e581b,hotspot_634d78104337fdb7fc35,EKZ Muldenstrasse,2022,2,431
nutzung_92ace490e29a181d95d9,hotspot_634d78104337fdb7fc35,EKZ Muldenstrasse,2022,3,4
nutzung_cd7dad462e7d5e43af5d,hotspot_634d78104337fdb7fc35,EKZ Muldenstrasse,2022,4,
nutzung_140d0b2c4201b02d0a83,hotspot_634d78104337fdb7fc35,EKZ Muldenstrasse,2022,5,592
nutzung_97f3489045b72645c2f9,hotspot_634d78104337fdb7fc35,EKZ Muldenstrasse,2022,6,720
nutzung_72cd7b0a49d2d1ca0fea,hotspot_634d78104337fdb7fc35,EKZ Muldenstrasse,2022,7,403
nutzung_b3e4a9aa8f4300e59f08,hotspot_c73107e71ae362fa8024,Gruenmarkt,2022,1,240
nutzung_ba5c1d1c27ed7469e6a1,hotspot_c73107e71ae362fa8024,Gruenmarkt,2022,2,176
nutzung_d1831f2bf1d32d0cac36,hotspot_c73107e71ae362fa8024,Gruenmarkt,2022,3,262
nutzung_61d6051018ef31dc2dcc,hotspot_c73107e71ae362fa8024,Gruenmarkt,2022,4,259
nutzung_36198422b9c38850fa67,hotspot_c73107e71ae362fa8024,Gruenmarkt,2022,5,142
nutzung_c844b8c9c8af282490a0,hotspot_c73107e71ae362fa8024,Gruenmarkt,2022,6,71
nutzung_120c777d55e10bcfa5ce,hotspot_c73107e71ae362fa8024,Gruenmarkt,2022,7,148
nutzung_1dcb9082a1cbb989b7ae,hotspot_03933207a0044471f492,Hafen,2022,1,
nutzung_93b03389f87a70473886,hotspot_03933207a0044471f492,Hafen,2022,2,62
nutzung_c4c793de0e1a4e5456dd,hotspot_03933207a0044471f492,Hafen,2022,3,423
nutzung_e5daf9583dcc1529807e,hotspot_03933207a0044471f492,Hafen,2022,4,384
nutzung_bd82637ab5177cf10046,hotspot_03933207a0044471f492,Hafen,2022,5,222
nutzung_c27da09de765298f74db,hotspot_03933207a0044471f492,Hafen,2022,6,28
nutzung_658f5ee860ea8f8a9718,hotspot_03933207a0044471f492,Hafen,2022,7,
nutzung_3ff1ba169f80261db3d1,hotspot_672d494b5dc47f388adb,Hauptbahnhof,2022,1,4219
nutzung_e6fa1a3a489f413c17a3,hotspot_672d494b5dc47f388adb,Hauptbahnhof,2022,2,3626
nutzung_e3b14b4e3054031467c5,hotspot_672d494b5dc47f388adb,Hauptbahnhof,2022,3,
nutzung_10c4bc84a273968740ae,hotspot_672d494b5dc47f388adb,Hauptbahnhof,2022,4,667
nutzung_645022ec1f90ec674026,hotspot_672d494b5dc47f388adb,Hauptbahnhof,2022,5,4762
nutzung_8d3383dfa61653d5b2dd,hotspot_672d494b5dc47f388adb,Hauptbahnhof,2022,6,4966
nutzung_21c553bf9a7df22d72bc,hotspot_672d494b5dc47f388adb,Hauptbahnhof,2022,7,2776
nutzung_6bd2357ad7ad04241ad4,hotspot_bc633e1c310a1d967095,Hauptplatz,2022,1,1164
nutzung_b190ad131927b473b659,hotspot_bc633e1c310a1d967095,Hauptplatz,2022,2,1978
nutzung_8a7cb866672cd4a79747,hotspot_bc633e1c310a1d967095,Hauptplatz,2022,3,2337
nutzung_ad6d756698334e97996e,hotspot_bc633e1c310a1d967095,Hauptplatz,2022,4,2828
nutzung_3dfd01e313a6a7b5beaa,hotspot_bc633e1c310a1d967095,Hauptplatz,2022,5,4117
nutzung_ba6860c7f826d63b52fd,hotspot_bc633e1c310a1d967095,Hauptplatz,2022,6,4207
nutzung_32dcd11236429fe4959f,hotspot_bc633e1c310a1d967095,Hauptplatz,2022,7,2818
nutzung_ecb4e5c7538e9f46ad85,hotspot_de924c5a07a6a0047188,Heilham,2022,1,139
nutzung_1589859c32704e9ea17b,hotspot_de924c5a07a6a0047188,Heilham,2022,2,170
nutzung_3b371f555f760aad573e,hotspot_de924c5a07a6a0047188,Heilham,2022,3,183
nutzung_f9f9aee5ae626c2b4af2,hotspot_de924c5a07a6a0047188,Heilham,2022,4,200
nutzung_6b667d2f5eb3161a35c6,hotspot_de924c5a07a6a0047188,Heilham,2022,5,316
nutzung_270761407760d3666487,hotspot_de924c5a07a6a0047188,Heilham,2022,6,182
nutzung_b9231ed5d2f239f377cb,hotspot_de924c5a07a6a0047188,Heilham,2022,7,
nutzung_9c5dd921399ac3f8a140,hotspot_799574d7f5ab0f61b248,Herbert Bayr Platz,2022,1,83
nutzung_c6853456bbdd3f3ac0e0,hotspot_799574d7f5ab0f61b248,Herbert Bayr Platz,2022,2,98
nutzung_7fd5c4b038788682d3c5,hotspot_799574d7f5ab0f61b248,Herbert Bayr Platz,2022,3,283
nutzung_1013c5af63d3d1960400,hotspot_799574d7f5ab0f61b248,Herbert Bayr Platz,2022,4,239
nutzung_a9bafc28f9dd480f0ee1,hotspot_799574d7f5ab0f61b248,Herbert Bayr Platz,2022,5,266
nutzung_2de1b0733179e30fa7c5,hotspot_799574d7f5ab0f61b248,Herbert Bayr Platz,2022,6,356
nutzung_41278aa78b40b87b9d5a,hotspot_799574d7f5ab0f61b248,Herbert Bayr Platz,2022,7,222
nutzung_14476db66a1a64a22760,hotspot_3840ce3e832008e4e94f,Hessenplatz,2022,1,
nutzung_030475022f059487c4db,hotspot_3840ce3e832008e4e94f,Hessenplatz,2022,2,539
nutzung_75f88ec7b9faceff89aa,hotspot_3840ce3e832008e4e94f,Hessenplatz,2022,3,813
nutzung_a237da036b588dfaf341,hotspot_3840ce3e832008e4e94f,Hessenplatz,2022,4,768
nutzung_20b9be961b7b391f8a0b,hotspot_3840ce3e832008e4e94f,Hessenplatz,2022,5,1117
nutzung_2713f2847b4e413668de,hotspot_3840ce3e832008e4e94f,Hessenplatz,2022,6,1203
nutzung_a7ac9b9dabee19eab287,hotspot_3840ce3e832008e4e94f,Hessenplatz,2022,7,996
nutzung_9abc8abfad2693557022,hotspot_8eef830bd4c528c2486c,HS WT,2022,1,2476
nutzung_7aa55687e35e3c81f3bf,hotspot_8eef830bd4c528c2486c,HS WT,2022,2,2437
nutzung_76726ce2b4fdf0cbe8a8,hotspot_8eef830bd4c528c2486c,HS WT,2022,3,4006
nutzung_8cdac2506d8e2d5bd4ae,hotspot_8eef830bd4c528c2486c,HS WT,2022,4,3499
nutzung_2354daca9b9ac50379ba,hotspot_8eef830bd4c528c2486c,HS WT,2022,5,3543
nutzung_86dde597852684ce46ee,hotspot_8eef830bd4c528c2486c,HS WT,2022,6,3499
nutzung_d3f1d512fa8a98f2ca2c,hotspot_8eef830bd4c528c2486c,HS WT,2022,7,2145
nutzung_a57040c467f638db4d1f,hotspot_6fa1f2f932f3d03b9282,Hummelhofbad,2022,1,643
nutzung_0e3529db6eed95c3efdd,hotspot_6fa1f2f932f3d03b9282,Hummelhofbad,2022,2,546
nutzung_623461030bcb0e8a9e5a,hotspot_6fa1f2f932f3d03b9282,Hummelhofbad,2022,3,547
nutzung_02539fc732296b1d37af,hotspot_6fa1f2f932f3d03b9282,Hummelhofbad,2022,4,583
nutzung_3bf0288a741a7f15673d,hotspot_6fa1f2f932f3d03b9282,Hummelhofbad,2022,5,808
nutzung_bdafa2ffdc4c1ccb2d65,hotspot_6fa1f2f932f3d03b9282,Hummelhofbad,2022,6,1140
nutzung_a8db44e9e1d6a18baf76,hotspot_6fa1f2f932f3d03b9282,Hummelhofbad,2022,7,580
nutzung_0b64256b528f6638f269,hotspot_49553dc06f48b43d04f2,Innovationsbuero,2022,1,31
nutzung_11a34d237b00063fa796,hotspot_49553dc06f48b43d04f2,Innovationsbuero,2022,2,50
nutzung_a227340204ebbbb77867,hotspot_49553dc06f48b43d04f2,Innovationsbuero,2022,3,64
nutzung_7596c2e9f3d04dd1483c,hotspot_49553dc06f48b43d04f2,Innovationsbuero,2022,4,54
nutzung_1f6131e1a2437ff9510b,hotspot_49553dc06f48b43d04f2,Innovationsbuero,2022,5,44
nutzung_a82f2b64510ebed3bd44,hotspot_49553dc06f48b43d04f2,Innovationsbuero,2022,6,50
nutzung_58907ef0325d9e45182b,hotspot_49553dc06f48b43d04f2,Innovationsbuero,2022,7,29
nutzung_dab70ce9d368bd3567d7,hotspot_55e0289c7afd67512cfe,JZ  Kandlheim,2022,1,196
nutzung_79ac77779f9d350346de,hotspot_55e0289c7afd67512cfe,JZ  Kandlheim,2022,2,160
nutzung_2b2c78a3b6a0a686faeb,hotspot_55e0289c7afd67512cfe,JZ  Kandlheim,2022,3,360
nutzung_ef286c24cd9d2aa3b903,hotspot_55e0289c7afd67512cfe,JZ  Kandlheim,2022,4,309
nutzung_9c637baf67ebde812b61,hotspot_55e0289c7afd67512cfe,JZ  Kandlheim,2022,5,509
nutzung_02114145ed0e7e940a55,hotspot_55e0289c7afd67512cfe,JZ  Kandlheim,2022,6,607
nutzung_a258f1d46f9f3d230fd5,hotspot_55e0289c7afd67512cfe,JZ  Kandlheim,2022,7,379
nutzung_099d2a8137fea0fd6fce,hotspot_aa5eaf08d5c9c34be816,JZ Alpha,2022,1,161
nutzung_c203b41569fec48bd0a2,hotspot_aa5eaf08d5c9c34be816,JZ Alpha,2022,2,181
nutzung_3c024d670321e8bad566,hotspot_aa5eaf08d5c9c34be816,JZ Alpha,2022,3,282
nutzung_36cd5ec96dde5d4a8d79,hotspot_aa5eaf08d5c9c34be816,JZ Alpha,2022,4,255
nutzung_8e85370216342e2e27dc,hotspot_aa5eaf08d5c9c34be816,JZ Alpha,2022,5,358
nutzung_9fe43243bb70ab100ff4,hotspot_aa5eaf08d5c9c34be816,JZ Alpha,2022,6,336
nutzung_e2ab94e19831d73066c0,hotspot_aa5eaf08d5c9c34be816,JZ Alpha,2022,7,210
nutzung_a938dad5df6e018b3897,hotspot_b931e71eb5ed31450c71,JZ Atlantis Keferfeld,2022,1,85
nutzung_2ca8f6474c780792923a,hotspot_b931e71eb5ed31450c71,JZ Atlantis Keferfeld,2022,2,97
nutzung_bbeb4fab4ac92f6a1187,hotspot_b931e71eb5ed31450c71,JZ Atlantis Keferfeld,2022,3,109
nutzung_14db684fd6eaecdfa9c2,hotspot_b931e71eb5ed31450c71,JZ Atlantis Keferfeld,2022,4,227
nutzung_f5b4c33e003e8b7ba803,hotspot_b931e71eb5ed31450c71,JZ Atlantis Keferfeld,2022,5,165
nutzung_1153edb434f0729044b0,hotspot_b931e71eb5ed31450c71,JZ Atlantis Keferfeld,2022,6,178
nutzung_ce4a30c8d07a4cbc8601,hotspot_b931e71eb5ed31450c71,JZ Atlantis Keferfeld,2022,7,194
nutzung_5024ee77998504f33a68,hotspot_371b566aafc810cc5986,JZ Cloob,2022,1,160
nutzung_284ce329d8089334548a,hotspot_371b566aafc810cc5986,JZ Cloob,2022,2,115
nutzung_69f34a95ae3dc2c96eb3,hotspot_371b566aafc810cc5986,JZ Cloob,2022,3,121
nutzung_1c8c8e08cba8b493b28f,hotspot_371b566aafc810cc5986,JZ Cloob,2022,4,95
nutzung_a3094837782f79c78985,hotspot_371b566aafc810cc5986,JZ Cloob,2022,5,36
nutzung_83d1f1edd39d17abce65,hotspot_371b566aafc810cc5986,JZ Cloob,2022,6,79
nutzung_02205c8577c0b39ec0a9,hotspot_371b566aafc810cc5986,JZ Cloob,2022,7,10
nutzung_bd616c1d2442efcd3464,hotspot_a939acc1e8bb7e93085b,JZ Dornach,2022,1,6
nutzung_16597d3bcac072bae95f,hotspot_a939acc1e8bb7e93085b,JZ Dornach,2022,2,15
nutzung_d0797826e2fb6f2d2af2,hotspot_a939acc1e8bb7e93085b,JZ Dornach,2022,3,19
nutzung_ca19aa86bf8c21f5d2ff,hotspot_a939acc1e8bb7e93085b,JZ Dornach,2022,4,19
nutzung_d02a9a8b7ce0f1375302,hotspot_a939acc1e8bb7e93085b,JZ Dornach,2022,5,20
nutzung_a823b784cdd9cb76813e,hotspot_a939acc1e8bb7e93085b,JZ Dornach,2022,6,18
nutzung_1c4ebed510409eac2a8e,hotspot_a939acc1e8bb7e93085b,JZ Dornach,2022,7,7
nutzung_29da87237381275c3afe,hotspot_ec4c5c863ac095436aca,JZ FRANX,2022,1,59
nutzung_3be204795253ec1e4fce,hotspot_ec4c5c863ac095436aca,JZ FRANX,2022,2,83
nutzung_0b3da8ce64f32f08fc00,hotspot_ec4c5c863ac095436aca,JZ FRANX,2022,3,157
nutzung_21487c09df8a9229f698,hotspot_ec4c5c863ac095436aca,JZ FRANX,2022,4,132
nutzung_287b0ea62f132e163257,hotspot_ec4c5c863ac095436aca,JZ FRANX,2022,5,220
nutzung_2774575f916cff3244a5,hotspot_ec4c5c863ac095436aca,JZ FRANX,2022,6,224
nutzung_78c8b5ccf35f4d5a727b,hotspot_ec4c5c863ac095436aca,JZ FRANX,2022,7,151
nutzung_12fe12d77534e7c7dafd,hotspot_82b8549b672539f47dfd,JZ JUMP,2022,1,108
nutzung_3d860937e728dd4dc48b,hotspot_82b8549b672539f47dfd,JZ JUMP,2022,2,86
nutzung_f22f1835500d6cef287e,hotspot_82b8549b672539f47dfd,JZ JUMP,2022,3,
nutzung_8ea519ee89304f225522,hotspot_82b8549b672539f47dfd,JZ JUMP,2022,4,88
nutzung_72c97f906c54bd3e70aa,hotspot_82b8549b672539f47dfd,JZ JUMP,2022,5,116
nutzung_3a3c31f248b62491a086,hotspot_82b8549b672539f47dfd,JZ JUMP,2022,6,197
nutzung_7fd83647aca3f0b5b314,hotspot_82b8549b672539f47dfd,JZ JUMP,2022,7,159
nutzung_26ea9424751a5038e714,hotspot_1aa3c23ea7cfc16ef2f0,JZ Kuddelmuddel,2022,1,34
nutzung_9f38ee17d9127cb4442e,hotspot_1aa3c23ea7cfc16ef2f0,JZ Kuddelmuddel,2022,2,32
nutzung_1ce3152ac69153cc8c6d,hotspot_1aa3c23ea7cfc16ef2f0,JZ Kuddelmuddel,2022,3,37
nutzung_be2e51e2c2d5a52ae8fb,hotspot_1aa3c23ea7cfc16ef2f0,JZ Kuddelmuddel,2022,4,32
nutzung_7ddb34f116f46e459fcb,hotspot_1aa3c23ea7cfc16ef2f0,JZ Kuddelmuddel,2022,5,37
nutzung_b0d618dd59f27636a9aa,hotspot_1aa3c23ea7cfc16ef2f0,JZ Kuddelmuddel,2022,6,47
nutzung_f43b02274c39b57fff2d,hotspot_1aa3c23ea7cfc16ef2f0,JZ Kuddelmuddel,2022,7,29
nutzung_4aec7708417c0c6083fc,hotspot_6f8d1e095c0f85432b1f,JZ Streetwork Ebelsberg,2022,1,130
nutzung_ac5adbe4f8ecbba9ae1b,hotspot_6f8d1e095c0f85432b1f,JZ Streetwork Ebelsberg,2022,2,143
nutzung_89ba7998cf9ebf18db16,hotspot_6f8d1e095c0f85432b1f,JZ Streetwork Ebelsberg,2022,3,130
nutzung_39e819c57252bfc7ac91,hotspot_6f8d1e095c0f85432b1f,JZ Streetwork Ebelsberg,2022,4,171
nutzung_c2a41135ba3ee571d941,hotspot_6f8d1e095c0f85432b1f,JZ Streetwork Ebelsberg,2022,5,207
nutzung_9b15ab99a760102ec657,hotspot_6f8d1e095c0f85432b1f,JZ Streetwork Ebelsberg,2022,6,171
nutzung_480182cbf3465e7cf882,hotspot_6f8d1e095c0f85432b1f,JZ Streetwork Ebelsberg,2022,7,112
nutzung_3d72c12b1284bb6cdd75,hotspot_7cfb05cac82057cc45f4,JZ Streetwork Linz Sued,2022,1,79
nutzung_8e8229e57f66ff9209c8,hotspot_7cfb05cac82057cc45f4,JZ Streetwork Linz Sued,2022,2,77
nutzung_eb83b41311435c466df3,hotspot_7cfb05cac82057cc45f4,JZ Streetwork Linz Sued,2022,3,66
nutzung_c7ef1798d582b37049b4,hotspot_7cfb05cac82057cc45f4,JZ Streetwork Linz Sued,2022,4,62
nutzung_f2dedb1b659025e7d09c,hotspot_7cfb05cac82057cc45f4,JZ Streetwork Linz Sued,2022,5,36
nutzung_c071a4bb06e18d6446a6,hotspot_7cfb05cac82057cc45f4,JZ Streetwork Linz Sued,2022,6,47
nutzung_64d0bd41bbd530504db6,hotspot_7cfb05cac82057cc45f4,JZ Streetwork Linz Sued,2022,7,40
nutzung_c25e685b542299b865b5,hotspot_57fe9c67f31cc8f167ae,JZ U1,2022,1,81
nutzung_8e3961caa2ccc47c5291,hotspot_57fe9c67f31cc8f167ae,JZ U1,2022,2,84
nutzung_240879a7091f78a86bf7,hotspot_57fe9c67f31cc8f167ae,JZ U1,2022,3,153
nutzung_7ecebdbd0a7842034226,hotspot_57fe9c67f31cc8f167ae,JZ U1,2022,4,195
nutzung_d0e850b47bee961f8656,hotspot_57fe9c67f31cc8f167ae,JZ U1,2022,5,155
nutzung_d8dacb0fdf9d1438d276,hotspot_57fe9c67f31cc8f167ae,JZ U1,2022,6,63
nutzung_995ffa33d254491ad822,hotspot_57fe9c67f31cc8f167ae,JZ U1,2022,7,31
nutzung_b4231379bc3b6cef8ef5,hotspot_90603ab3ae0465a4b3ba,JZ YOUZ,2022,1,89
nutzung_a48c4a7389c572dc998a,hotspot_90603ab3ae0465a4b3ba,JZ YOUZ,2022,2,54
nutzung_adf7dd1bb3f32db67eba,hotspot_90603ab3ae0465a4b3ba,JZ YOUZ,2022,3,79
nutzung_ae3aa262d7227fa7c772,hotspot_90603ab3ae0465a4b3ba,JZ YOUZ,2022,4,97
nutzung_e027629f09168c686183,hotspot_90603ab3ae0465a4b3ba,JZ YOUZ,2022,5,85
nutzung_feab8328213a0debe1e6,hotspot_90603ab3ae0465a4b3ba,JZ YOUZ,2022,6,39
nutzung_869b88243a76279239a7,hotspot_90603ab3ae0465a4b3ba,JZ YOUZ,2022,7,58
nutzung_e48c57fb259b180d4456,hotspot_11eadb82676d08408ca1,Kletterhalle Auwiesen,2022,1,281
nutzung_58a2e8e9298a13dff2f8,hotspot_11eadb82676d08408ca1,Kletterhalle Auwiesen,2022,2,306
nutzung_8edf2d0a9e79cebaf17d,hotspot_11eadb82676d08408ca1,Kletterhalle Auwiesen,2022,3,243
nutzung_46c44dfb15996e40db1d,hotspot_11eadb82676d08408ca1,Kletterhalle Auwiesen,2022,4,244
nutzung_4ace91a9ea9e204046b6,hotspot_11eadb82676d08408ca1,Kletterhalle Auwiesen,2022,5,197
nutzung_c4b65404bbd6016dee9a,hotspot_11eadb82676d08408ca1,Kletterhalle Auwiesen,2022,6,161
nutzung_97a2f8eeec7243fad04c,hotspot_11eadb82676d08408ca1,Kletterhalle Auwiesen,2022,7,71
nutzung_1621dc516b09adfaedd4,hotspot_5253116363032c96cc4f,Kunstraum Goethestr,2022,1,16
nutzung_af535da9de14294dbbe3,hotspot_5253116363032c96cc4f,Kunstraum Goethestr,2022,2,33
nutzung_b4b3cdea884f11c2e2e0,hotspot_5253116363032c96cc4f,Kunstraum Goethestr,2022,3,24
nutzung_2a964d63b486ed0c3ff3,hotspot_5253116363032c96cc4f,Kunstraum Goethestr,2022,4,28
nutzung_3e990f90bbf42c4d4fa4,hotspot_5253116363032c96cc4f,Kunstraum Goethestr,2022,5,18
nutzung_19e1f93702cfb8c79ae4,hotspot_5253116363032c96cc4f,Kunstraum Goethestr,2022,6,28
nutzung_de54c279410714cc13dc,hotspot_5253116363032c96cc4f,Kunstraum Goethestr,2022,7,13
nutzung_4753c085bd58f8b12f4a,hotspot_8decac5f78c02edec6e8,Lentos,2022,1,353
nutzung_f51ce490f6e811b347bd,hotspot_8decac5f78c02edec6e8,Lentos,2022,2,335
nutzung_707072c32ce894c0c3c7,hotspot_8decac5f78c02edec6e8,Lentos,2022,3,465
nutzung_d6962e351ff38e72696b,hotspot_8decac5f78c02edec6e8,Lentos,2022,4,588
nutzung_6336faeba4371c9db769,hotspot_8decac5f78c02edec6e8,Lentos,2022,5,621
nutzung_435d01e23c4815bef7e8,hotspot_8decac5f78c02edec6e8,Lentos,2022,6,
nutzung_568b8968ca92ae3be3d7,hotspot_8decac5f78c02edec6e8,Lentos,2022,7,
nutzung_a1f778c7e27143122736,hotspot_fb5b59def7c0e0086897,LunaPlatz Solarcity,2022,1,284
nutzung_59a730819cb67df28cc4,hotspot_fb5b59def7c0e0086897,LunaPlatz Solarcity,2022,2,326
nutzung_b686610d3a729a25cab4,hotspot_fb5b59def7c0e0086897,LunaPlatz Solarcity,2022,3,439
nutzung_18ee12eaeea9e66e5944,hotspot_fb5b59def7c0e0086897,LunaPlatz Solarcity,2022,4,389
nutzung_df5efe139b1651a52ccf,hotspot_fb5b59def7c0e0086897,LunaPlatz Solarcity,2022,5,454
nutzung_ecd7908a4eb34f959708,hotspot_fb5b59def7c0e0086897,LunaPlatz Solarcity,2022,6,427
nutzung_39dae02085c658820756,hotspot_fb5b59def7c0e0086897,LunaPlatz Solarcity,2022,7,34
nutzung_01682abaef6fff1251ea,hotspot_af094f83228140aad3b6,Mozartstrasse,2022,1,2055
nutzung_2d780ff97ce83885eba2,hotspot_af094f83228140aad3b6,Mozartstrasse,2022,2,839
nutzung_b1997ff01878210d9cd6,hotspot_af094f83228140aad3b6,Mozartstrasse,2022,3,1665
nutzung_1d30e9b3694dc0ec8470,hotspot_af094f83228140aad3b6,Mozartstrasse,2022,4,2386
nutzung_615e63c3e0591d56ea40,hotspot_af094f83228140aad3b6,Mozartstrasse,2022,5,
nutzung_1c3e9e531c8e0b1313c2,hotspot_af094f83228140aad3b6,Mozartstrasse,2022,6,2622
nutzung_5ca6c3907678a56457e0,hotspot_af094f83228140aad3b6,Mozartstrasse,2022,7,1955
nutzung_43bd34af9425c8c5fb13,hotspot_c6c100152cf99d22f450,Musikschule Prunerstift,2022,1,76
nutzung_9611c39337845fe9bf8e,hotspot_c6c100152cf99d22f450,Musikschule Prunerstift,2022,2,90
nutzung_2cf0d852b85ff0aa9534,hotspot_c6c100152cf99d22f450,Musikschule Prunerstift,2022,3,139
nutzung_aa072ddb5877b0bfa61b,hotspot_c6c100152cf99d22f450,Musikschule Prunerstift,2022,4,105
nutzung_5a0ba1f366b58bd5f256,hotspot_c6c100152cf99d22f450,Musikschule Prunerstift,2022,5,165
nutzung_e0907052ea48e98b6f41,hotspot_c6c100152cf99d22f450,Musikschule Prunerstift,2022,6,136
nutzung_e8d546e5a785198d3f56,hotspot_c6c100152cf99d22f450,Musikschule Prunerstift,2022,7,54
nutzung_6723f9e97e7ddc3d359b,hotspot_85a1f21fa24a3c227878,Neues Rathaus,2022,1,1429
nutzung_084ef60e933ddf38a36b,hotspot_85a1f21fa24a3c227878,Neues Rathaus,2022,2,1124
nutzung_0bc744849fd2722a9ce5,hotspot_85a1f21fa24a3c227878,Neues Rathaus,2022,3,1089
nutzung_46f376af9fc9dd14fd1f,hotspot_85a1f21fa24a3c227878,Neues Rathaus,2022,4,831
nutzung_f40c3e39b638da910e2e,hotspot_85a1f21fa24a3c227878,Neues Rathaus,2022,5,815
nutzung_347b515f089d779a790b,hotspot_85a1f21fa24a3c227878,Neues Rathaus,2022,6,869
nutzung_8a57d7d24a9cc4b5465f,hotspot_85a1f21fa24a3c227878,Neues Rathaus,2022,7,614
nutzung_e122a6d40c908f4f14b0,hotspot_3569dbdcac6f49f0988e,Nordico,2022,1,307
nutzung_fbfc74b37a838bda8663,hotspot_3569dbdcac6f49f0988e,Nordico,2022,2,258
nutzung_da4cae643b651bb83bfc,hotspot_3569dbdcac6f49f0988e,Nordico,2022,3,345
nutzung_fa5081c1578230f9b760,hotspot_3569dbdcac6f49f0988e,Nordico,2022,4,379
nutzung_fabbdbd94a19ceeb0717,hotspot_3569dbdcac6f49f0988e,Nordico,2022,5,667
nutzung_42613aca74f4137908b9,hotspot_3569dbdcac6f49f0988e,Nordico,2022,6,391
nutzung_928d62a51dd4d257868c,hotspot_3569dbdcac6f49f0988e,Nordico,2022,7,296
nutzung_3d6534d706dcc34b703a,hotspot_2660efdbbf48ed144fa2,OK Platz,2022,1,245
nutzung_eafac80387fff1dc8762,hotspot_2660efdbbf48ed144fa2,OK Platz,2022,2,292
nutzung_320ea05ee53fd0c27a8d,hotspot_2660efdbbf48ed144fa2,OK Platz,2022,3,312
nutzung_e45f4235dab421ff9f0c,hotspot_2660efdbbf48ed144fa2,OK Platz,2022,4,544
nutzung_2d5f18f48988b0c0186a,hotspot_2660efdbbf48ed144fa2,OK Platz,2022,5,587
nutzung_0735b8219a23fbf153fc,hotspot_2660efdbbf48ed144fa2,OK Platz,2022,6,683
nutzung_5c28ba3a189fdf2ac668,hotspot_2660efdbbf48ed144fa2,OK Platz,2022,7,622
nutzung_205f1afacaac3ee0603d,hotspot_82147e579d3007d8f6d2,Parkbad,2022,1,186
nutzung_05273d87dd4b5436584e,hotspot_82147e579d3007d8f6d2,Parkbad,2022,2,200
nutzung_7eaa5dca67d2a0a6e5e7,hotspot_82147e579d3007d8f6d2,Parkbad,2022,3,173
nutzung_2fa70088417e9e667e8e,hotspot_82147e579d3007d8f6d2,Parkbad,2022,4,105
nutzung_f712fade1184f82a40af,hotspot_82147e579d3007d8f6d2,Parkbad,2022,5,633
nutzung_7b232e21ff52bd874262,hotspot_82147e579d3007d8f6d2,Parkbad,2022,6,1021
nutzung_b1f8bbd28de23a5d67b9,hotspot_82147e579d3007d8f6d2,Parkbad,2022,7,461
nutzung_fb018d1c0b447f5d1f15,hotspot_71076709fa9b222c8594,Pfarre St Markus,2022,1,16
nutzung_2e1b27af2e2b06d449d7,hotspot_71076709fa9b222c8594,Pfarre St Markus,2022,2,32
nutzung_ec3e9aa274b33eab95c9,hotspot_71076709fa9b222c8594,Pfarre St Markus,2022,3,22
nutzung_98a18a256cc354e3857f,hotspot_71076709fa9b222c8594,Pfarre St Markus,2022,4,20
nutzung_4f4d1ab616d95c40ec14,hotspot_71076709fa9b222c8594,Pfarre St Markus,2022,5,11
nutzung_b16d8c29373adfab4ae4,hotspot_71076709fa9b222c8594,Pfarre St Markus,2022,6,8
nutzung_774d854f104f75d7ef0d,hotspot_71076709fa9b222c8594,Pfarre St Markus,2022,7,6
nutzung_3d10861834f91796f8f4,hotspot_8677dbc2cd04125cde3c,Pfarrplatz,2022,1,317
nutzung_d10f2a812bd8b1c70a7b,hotspot_8677dbc2cd04125cde3c,Pfarrplatz,2022,2,253
nutzung_a5581533aff6bd04f9a8,hotspot_8677dbc2cd04125cde3c,Pfarrplatz,2022,3,346
nutzung_f3226f7896b3a67be46f,hotspot_8677dbc2cd04125cde3c,Pfarrplatz,2022,4,380
nutzung_47019a2fd452e7de6ec7,hotspot_8677dbc2cd04125cde3c,Pfarrplatz,2022,5,558
nutzung_75fd8fda81b476993656,hotspot_8677dbc2cd04125cde3c,Pfarrplatz,2022,6,610
nutzung_382579f28bc23e411c84,hotspot_8677dbc2cd04125cde3c,Pfarrplatz,2022,7,461
nutzung_70e7948170c3a43bf9c8,hotspot_8ecb6dfbdba3bc5f6e47,Pichl,2022,1,122
nutzung_fe77ac35e400b924893e,hotspot_8ecb6dfbdba3bc5f6e47,Pichl,2022,2,122
nutzung_1938a21a7d4cb693683d,hotspot_8ecb6dfbdba3bc5f6e47,Pichl,2022,3,177
nutzung_8fabe2d3fda581d2d280,hotspot_8ecb6dfbdba3bc5f6e47,Pichl,2022,4,218
nutzung_ccf945794ce255143698,hotspot_8ecb6dfbdba3bc5f6e47,Pichl,2022,5,492
nutzung_cc89f9b1a5d2769b9a47,hotspot_8ecb6dfbdba3bc5f6e47,Pichl,2022,6,1571
nutzung_4b19b42bdf93abbf5a16,hotspot_8ecb6dfbdba3bc5f6e47,Pichl,2022,7,2459
nutzung_10c34388ef480493d14c,hotspot_d80a8ff3681cc4f9fb6c,Plesch,2022,1,94
nutzung_ba612213bad6afc656f9,hotspot_d80a8ff3681cc4f9fb6c,Plesch,2022,2,204
nutzung_b82e43b8f8c0731fa7b5,hotspot_d80a8ff3681cc4f9fb6c,Plesch,2022,3,331
nutzung_2846bc2611ccfdfabaf1,hotspot_d80a8ff3681cc4f9fb6c,Plesch,2022,4,359
nutzung_21d88066b4394ad05165,hotspot_d80a8ff3681cc4f9fb6c,Plesch,2022,5,994
nutzung_a8dcaa3a05a426835f63,hotspot_d80a8ff3681cc4f9fb6c,Plesch,2022,6,441
nutzung_bba14a005affad8bf932,hotspot_d80a8ff3681cc4f9fb6c,Plesch,2022,7,418
nutzung_7037b91f3ab8351aea34,hotspot_5dc940c5b776b78fa3b1,Posthof,2022,1,40
nutzung_80d28fbb4e9d2117ca5b,hotspot_5dc940c5b776b78fa3b1,Posthof,2022,2,32
nutzung_6518d9a1cf062c28ef37,hotspot_5dc940c5b776b78fa3b1,Posthof,2022,3,52
nutzung_e67749048194cbc363ed,hotspot_5dc940c5b776b78fa3b1,Posthof,2022,4,1
nutzung_a3e06e30e6eb8d226146,hotspot_5dc940c5b776b78fa3b1,Posthof,2022,5,1
nutzung_d176ca8893bdada8fc1b,hotspot_5dc940c5b776b78fa3b1,Posthof,2022,6,18
nutzung_aeea86a05c873d242edb,hotspot_5dc940c5b776b78fa3b1,Posthof,2022,7,15
nutzung_dcca0d74e669559393be,hotspot_0edc98a395281dc25990,Promenade,2022,1,327
nutzung_6b4cc9ffc807e59ac69e,hotspot_0edc98a395281dc25990,Promenade,2022,2,391
nutzung_72029dcb8973171ea2f6,hotspot_0edc98a395281dc25990,Promenade,2022,3,521
nutzung_bcd1f5ddb85cf19f83b4,hotspot_0edc98a395281dc25990,Promenade,2022,4,511
nutzung_a1d8e3ade5cbc4efdecc,hotspot_0edc98a395281dc25990,Promenade,2022,5,768
nutzung_b411a9300f9080ed29e1,hotspot_0edc98a395281dc25990,Promenade,2022,6,761
nutzung_d92b54e29de29fd5a636,hotspot_0edc98a395281dc25990,Promenade,2022,7,446
nutzung_2749446c19231a47bdba,hotspot_707987e5846495748e57,Promenade SPK,2022,1,185
nutzung_789fb98f1a863f654fed,hotspot_707987e5846495748e57,Promenade SPK,2022,2,229
nutzung_9d355f62e7139c654a2d,hotspot_707987e5846495748e57,Promenade SPK,2022,3,539
nutzung_7fd4879515e1d2f706e2,hotspot_707987e5846495748e57,Promenade SPK,2022,4,448
nutzung_41040952ba482d67a9fb,hotspot_707987e5846495748e57,Promenade SPK,2022,5,376
nutzung_2d9185b02d2a27cbd4ff,hotspot_707987e5846495748e57,Promenade SPK,2022,6,371
nutzung_51c2285e14f4d69cdabb,hotspot_707987e5846495748e57,Promenade SPK,2022,7,211
nutzung_d0411d24cd648d66e87d,hotspot_eb75d594150f3ef7f452,Raumschiff,2022,1,36
nutzung_8fa2a32d7aafb2a27a99,hotspot_eb75d594150f3ef7f452,Raumschiff,2022,2,17
nutzung_f5bc39cc3130bc630727,hotspot_eb75d594150f3ef7f452,Raumschiff,2022,3,58
nutzung_fcf02e31150d844a499b,hotspot_eb75d594150f3ef7f452,Raumschiff,2022,4,41
nutzung_22ed0944891788257665,hotspot_eb75d594150f3ef7f452,Raumschiff,2022,5,109
nutzung_4210ceb57cf0c17a5de8,hotspot_eb75d594150f3ef7f452,Raumschiff,2022,6,175
nutzung_3802fc5ea7a9bfa8ac3d,hotspot_eb75d594150f3ef7f452,Raumschiff,2022,7,33
nutzung_aacd870dbea21e6edfc9,,Rotes Kreuz,2022,1,435
nutzung_b516183fbf654112fff2,,Rotes Kreuz,2022,2,295
nutzung_1b38d5cb83d70c031410,,Rotes Kreuz,2022,3,186
nutzung_fa513bf9e1530448bae7,,Rotes Kreuz,2022,4,352
nutzung_60c5927922f74e3e4d38,,Rotes Kreuz,2022,5,381
nutzung_19e1fd2a0d705e667294,,Rotes Kreuz,2022,6,282
nutzung_4a6b0b64fb45c696a3f6,,Rotes Kreuz,2022,7,172
nutzung_4255be61f71ed6dca229,hotspot_808b608247c5a9fd6428,Rother Krebs,2022,1,317
nutzung_a706c90d45a1175644ec,hotspot_808b608247c5a9fd6428,Rother Krebs,2022,2,350
nutzung_bf3486a612beeaa3bc11,hotspot_808b608247c5a9fd6428,Rother Krebs,2022,3,464
nutzung_e06095fdcaa134055802,hotspot_808b608247c5a9fd6428,Rother Krebs,2022,4,508
nutzung_9b624bd0bb761d10cae3,hotspot_808b608247c5a9fd6428,Rother Krebs,2022,5,501
nutzung_8efc9a5bf6ad107b0504,hotspot_808b608247c5a9fd6428,Rother Krebs,2022,6,435
nutzung_b8bd7f9ddad6de37eedc,hotspot_808b608247c5a9fd6428,Rother Krebs,2022,7,393
nutzung_9d1d8a4e396dce7408de,hotspot_e658248fe2b5da449992,Salzamt,2022,1,28
nutzung_23eedebf72d1731e6d88,hotspot_e658248fe2b5da449992,Salzamt,2022,2,47
nutzung_0e5df3662983b511777d,hotspot_e658248fe2b5da449992,Salzamt,2022,3,49
nutzung_64a2f49951443fb74dfa,hotspot_e658248fe2b5da449992,Salzamt,2022,4,74
nutzung_6a203f1b7507d9a44636,hotspot_e658248fe2b5da449992,Salzamt,2022,5,33
nutzung_e9d42d46e4217915adfd,hotspot_e658248fe2b5da449992,Salzamt,2022,6,5
nutzung_eb4c64f56057506a9a7d,hotspot_e658248fe2b5da449992,Salzamt,2022,7,1
nutzung_329a8063fc8538524703,hotspot_6c3c856428edac2078d3,Schillerpark,2022,1,865
nutzung_9fa4b47d1ffcb0adafb3,hotspot_6c3c856428edac2078d3,Schillerpark,2022,2,867
nutzung_c17465fbfbdb248e3cc4,hotspot_6c3c856428edac2078d3,Schillerpark,2022,3,930
nutzung_cdd46b32b3ec414b5d76,hotspot_6c3c856428edac2078d3,Schillerpark,2022,4,1364
nutzung_b9468167461bb5f046ee,hotspot_6c3c856428edac2078d3,Schillerpark,2022,5,1312
nutzung_4b0e677cf96d26356e96,hotspot_6c3c856428edac2078d3,Schillerpark,2022,6,1291
nutzung_bd659e7a9671cc08c0fd,hotspot_6c3c856428edac2078d3,Schillerpark,2022,7,716
nutzung_cf024a384f6e15f255fc,hotspot_e452dca4f6a8aed89511,Sisal,2022,1,1446
nutzung_e022860495b5da6c452a,hotspot_e452dca4f6a8aed89511,Sisal,2022,2,1165
nutzung_2fb10499eb9f9787a398,hotspot_e452dca4f6a8aed89511,Sisal,2022,3,1405
nutzung_234cb2a6d8d29508b1d0,hotspot_e452dca4f6a8aed89511,Sisal,2022,4,1507
nutzung_eaeaa1bb88db964158ad,hotspot_e452dca4f6a8aed89511,Sisal,2022,5,1685
nutzung_a4f679875714beae1667,hotspot_e452dca4f6a8aed89511,Sisal,2022,6,1535
nutzung_a73d77ff2e49f246e1c8,hotspot_e452dca4f6a8aed89511,Sisal,2022,7,1040
nutzung_ee4db8bf3736b291aef9,hotspot_f6859cc8f38c5902b7d5,Sportpark Lissfeld,2022,1,382
nutzung_612dd1e74f1aa8e5add8,hotspot_f6859cc8f38c5902b7d5,Sportpark Lissfeld,2022,2,339
nutzung_26d52cbc3e051a0e0a04,hotspot_f6859cc8f38c5902b7d5,Sportpark Lissfeld,2022,3,197
nutzung_9d3179f2fa743bd4cae6,hotspot_f6859cc8f38c5902b7d5,Sportpark Lissfeld,2022,4,386
nutzung_9f2c44b1aa408ba54482,hotspot_f6859cc8f38c5902b7d5,Sportpark Lissfeld,2022,5,333
nutzung_9d42d1430216a855c01c,hotspot_f6859cc8f38c5902b7d5,Sportpark Lissfeld,2022,6,213
nutzung_c0531b641e1d35f5c843,hotspot_f6859cc8f38c5902b7d5,Sportpark Lissfeld,2022,7,435
nutzung_cc34e454d001eed14c78,hotspot_3a39c11fed024b245594,Sportpark Pichling,2022,1,118
nutzung_81f374d29c8c8ad29089,hotspot_3a39c11fed024b245594,Sportpark Pichling,2022,2,132
nutzung_a0d7ace167d30a721048,hotspot_3a39c11fed024b245594,Sportpark Pichling,2022,3,98
nutzung_37ed7e2ab203f4d77a83,hotspot_3a39c11fed024b245594,Sportpark Pichling,2022,4,159
nutzung_3a9d46b260fa39addbb5,hotspot_3a39c11fed024b245594,Sportpark Pichling,2022,5,106
nutzung_3bb99fbaf496776d1362,hotspot_3a39c11fed024b245594,Sportpark Pichling,2022,6,92
nutzung_7910a2736d65f38884f9,hotspot_3a39c11fed024b245594,Sportpark Pichling,2022,7,52
nutzung_82656e6e8a3106e54010,hotspot_b088c060d0685692bde9,Stadtbibliothek Auwiesen,2022,1,42
nutzung_1eb896da9ef748b148cb,hotspot_b088c060d0685692bde9,Stadtbibliothek Auwiesen,2022,2,25
nutzung_963ac1b3719db0c743f5,hotspot_b088c060d0685692bde9,Stadtbibliothek Auwiesen,2022,3,17
nutzung_32800df992653c21253c,hotspot_b088c060d0685692bde9,Stadtbibliothek Auwiesen,2022,4,22
nutzung_10c4816fb5c0e2a56df0,hotspot_b088c060d0685692bde9,Stadtbibliothek Auwiesen,2022,5,36
nutzung_fbedc3fb781494240499,hotspot_b088c060d0685692bde9,Stadtbibliothek Auwiesen,2022,6,18
nutzung_bce6eb712a2a4f6577fd,hotspot_b088c060d0685692bde9,Stadtbibliothek Auwiesen,2022,7,32
nutzung_04a8602d969203a17753,hotspot_dbeaa1439b71f55988f2,Stadtbibliothek Ebelsberg,2022,1,77
nutzung_74c2901229de017049ea,hotspot_dbeaa1439b71f55988f2,Stadtbibliothek Ebelsberg,2022,2,42
nutzung_4e8911c1688c33878f09,hotspot_dbeaa1439b71f55988f2,Stadtbibliothek Ebelsberg,2022,3,45
nutzung_7d158dc405edee00ceb3,hotspot_dbeaa1439b71f55988f2,Stadtbibliothek Ebelsberg,2022,4,34
nutzung_ae6a3d8d9ed2bfd0911e,hotspot_dbeaa1439b71f55988f2,Stadtbibliothek Ebelsberg,2022,5,51
nutzung_4b86bb3cb2bf44413e0d,hotspot_dbeaa1439b71f55988f2,Stadtbibliothek Ebelsberg,2022,6,39
nutzung_0c7295959b224e971925,hotspot_dbeaa1439b71f55988f2,Stadtbibliothek Ebelsberg,2022,7,32
nutzung_82f66fb8ddf17da36884,hotspot_6ee2ab911f73b4a25517,Stadtpark Linz,2022,1,131
nutzung_793bb946e60b7267cdab,hotspot_6ee2ab911f73b4a25517,Stadtpark Linz,2022,2,181
nutzung_538b7c01fa24822d374d,hotspot_6ee2ab911f73b4a25517,Stadtpark Linz,2022,3,240
nutzung_a8e48a937c211f857442,hotspot_6ee2ab911f73b4a25517,Stadtpark Linz,2022,4,205
nutzung_11e36d962bb6fcd08533,hotspot_6ee2ab911f73b4a25517,Stadtpark Linz,2022,5,250
nutzung_15523458665678208ef6,hotspot_6ee2ab911f73b4a25517,Stadtpark Linz,2022,6,205
nutzung_62e7dde28ca7acebfae5,hotspot_6ee2ab911f73b4a25517,Stadtpark Linz,2022,7,165
nutzung_8e360d659491edc811cf,hotspot_94397625593f75f667c2,Stadtplatz Ebelsberg,2022,1,
nutzung_f6b0be81d3857b509170,hotspot_94397625593f75f667c2,Stadtplatz Ebelsberg,2022,2,565
nutzung_6a9ae5317f86580254a6,hotspot_94397625593f75f667c2,Stadtplatz Ebelsberg,2022,3,703
nutzung_c3b61e70338ae9d7e1d6,hotspot_94397625593f75f667c2,Stadtplatz Ebelsberg,2022,4,685
nutzung_e2681228118b06736d3f,hotspot_94397625593f75f667c2,Stadtplatz Ebelsberg,2022,5,723
nutzung_8468488af9701e868f67,hotspot_94397625593f75f667c2,Stadtplatz Ebelsberg,2022,6,732
nutzung_7a1ff44bf46690ca0dce,hotspot_94397625593f75f667c2,Stadtplatz Ebelsberg,2022,7,528
nutzung_43af532e69eaa2fa52d4,hotspot_404b53dab0bd62adeea9,StuWE,2022,1,165
nutzung_4859c94c844d18c762c8,hotspot_404b53dab0bd62adeea9,StuWE,2022,2,184
nutzung_2b48260fc53d784db062,hotspot_404b53dab0bd62adeea9,StuWE,2022,3,155
nutzung_a4adb67589a9e4654560,hotspot_404b53dab0bd62adeea9,StuWE,2022,4,64
nutzung_eb6c575827e558fabc3b,hotspot_404b53dab0bd62adeea9,StuWE,2022,5,103
nutzung_e1b5a3615299dfd47b74,hotspot_404b53dab0bd62adeea9,StuWE,2022,6,71
nutzung_f873607ce7a1b037532d,hotspot_404b53dab0bd62adeea9,StuWE,2022,7,29
nutzung_bb8a762565c1fd2ae8bc,hotspot_54e5f0da30922812ebab,Suedbahnhofmarkt,2022,1,354
nutzung_3e7da1a13db6a63d2b69,hotspot_54e5f0da30922812ebab,Suedbahnhofmarkt,2022,2,320
nutzung_d30ed62343a25708e2e7,hotspot_54e5f0da30922812ebab,Suedbahnhofmarkt,2022,3,390
nutzung_83ded67afcd04ca5971f,hotspot_54e5f0da30922812ebab,Suedbahnhofmarkt,2022,4,338
nutzung_4cf6be3acdfcc81f1e92,hotspot_54e5f0da30922812ebab,Suedbahnhofmarkt,2022,5,421
nutzung_04077bea795fdee21260,hotspot_54e5f0da30922812ebab,Suedbahnhofmarkt,2022,6,333
nutzung_81ba5774711568c8a627,hotspot_54e5f0da30922812ebab,Suedbahnhofmarkt,2022,7,292
nutzung_e87e217064f0ab128c22,hotspot_70a62c70fae6cfebcc19,SZL Dornach,2022,1,99
nutzung_02971072ac2b5907636f,hotspot_70a62c70fae6cfebcc19,SZL Dornach,2022,2,63
nutzung_e1312b9c4d14a7e2177d,hotspot_70a62c70fae6cfebcc19,SZL Dornach,2022,3,85
nutzung_fe6696f607f86fae9ac7,hotspot_70a62c70fae6cfebcc19,SZL Dornach,2022,4,70
nutzung_3fcd5f450d5604106383,hotspot_70a62c70fae6cfebcc19,SZL Dornach,2022,5,86
nutzung_a3536601e8f378670fec,hotspot_70a62c70fae6cfebcc19,SZL Dornach,2022,6,77
nutzung_3b543a8665ea35ccbc6e,hotspot_70a62c70fae6cfebcc19,SZL Dornach,2022,7,78
nutzung_2cf23b81a996d1d21a19,hotspot_9dd4123bfcebbe9bfa01,Taubenmarkt,2022,1,1978
nutzung_e467c00fbceabb53143b,hotspot_9dd4123bfcebbe9bfa01,Taubenmarkt,2022,2,2378
nutzung_87a242724a7b55d8fe62,hotspot_9dd4123bfcebbe9bfa01,Taubenmarkt,2022,3,3644
nutzung_6026dc41c259caba8566,hotspot_9dd4123bfcebbe9bfa01,Taubenmarkt,2022,4,3110
nutzung_855254247798e8d4cd76,hotspot_9dd4123bfcebbe9bfa01,Taubenmarkt,2022,5,1197
nutzung_7385991745799e03ce74,hotspot_9dd4123bfcebbe9bfa01,Taubenmarkt,2022,6,2997
nutzung_1b11b3e6b46f556e4c50,hotspot_9dd4123bfcebbe9bfa01,Taubenmarkt,2022,7,2732
nutzung_644df4840624dc9221ce,hotspot_385645b66299cd8e3fb3,Theater Phoenix,2022,1,245
nutzung_9c9138ab3b370c5a722c,hotspot_385645b66299cd8e3fb3,Theater Phoenix,2022,2,226
nutzung_027961f7b9abeb55c133,hotspot_385645b66299cd8e3fb3,Theater Phoenix,2022,3,379
nutzung_13c23553b500dbaf6ba3,hotspot_385645b66299cd8e3fb3,Theater Phoenix,2022,4,343
nutzung_5eb5a625c1a1aec807e3,hotspot_385645b66299cd8e3fb3,Theater Phoenix,2022,5,396
nutzung_08a55897b5c1c00cc0a5,hotspot_385645b66299cd8e3fb3,Theater Phoenix,2022,6,362
nutzung_91879d31cc953c2e0f09,hotspot_385645b66299cd8e3fb3,Theater Phoenix,2022,7,192
nutzung_496e7e8ec1d29c217ba6,hotspot_da8b9f4c9e43d379a08d,TipsArena,2022,1,162
nutzung_f083d0533893b171877c,hotspot_da8b9f4c9e43d379a08d,TipsArena,2022,2,389
nutzung_11f9fb7607bbc807c2e5,hotspot_da8b9f4c9e43d379a08d,TipsArena,2022,3,140
nutzung_c1cdb5238f13a2c537c0,hotspot_da8b9f4c9e43d379a08d,TipsArena,2022,4,4022
nutzung_b280774e6bf5df376e53,hotspot_da8b9f4c9e43d379a08d,TipsArena,2022,5,1446
nutzung_f27187dc160041285786,hotspot_da8b9f4c9e43d379a08d,TipsArena,2022,6,100
nutzung_be92265dc1263a3f6111,hotspot_da8b9f4c9e43d379a08d,TipsArena,2022,7,136
nutzung_fb902aa66cdb4594988c,hotspot_b73a6e1e85ebfffd3096,Urfahrmarkt,2022,1,193
nutzung_6e4949da8c2a92eeac00,hotspot_b73a6e1e85ebfffd3096,Urfahrmarkt,2022,2,384
nutzung_1d9df622f2ff69dbe0e9,hotspot_b73a6e1e85ebfffd3096,Urfahrmarkt,2022,3,502
nutzung_21b66b59927fff4cae72,hotspot_b73a6e1e85ebfffd3096,Urfahrmarkt,2022,4,296
nutzung_f43bf73ce67e40729285,hotspot_b73a6e1e85ebfffd3096,Urfahrmarkt,2022,5,
nutzung_dc8c91c8bb2821acca94,hotspot_b73a6e1e85ebfffd3096,Urfahrmarkt,2022,6,357
nutzung_6c23ac67741e1a650543,hotspot_b73a6e1e85ebfffd3096,Urfahrmarkt,2022,7,139
nutzung_00955c8341612be13a35,hotspot_875d1fb5d15cff95a2cb,VH Auwiesen,2022,1,59
nutzung_5af881ed26f3cae1c6b5,hotspot_875d1fb5d15cff95a2cb,VH Auwiesen,2022,2,105
nutzung_d453809081182d844026,hotspot_875d1fb5d15cff95a2cb,VH Auwiesen,2022,3,138
nutzung_1856cf987026c6d8caa4,hotspot_875d1fb5d15cff95a2cb,VH Auwiesen,2022,4,36
nutzung_ebf2c8a7af7371a3d97d,hotspot_875d1fb5d15cff95a2cb,VH Auwiesen,2022,5,30
nutzung_71d29266f89ddda0ddfa,hotspot_875d1fb5d15cff95a2cb,VH Auwiesen,2022,6,32
nutzung_946d35069ff93bd4b58a,hotspot_875d1fb5d15cff95a2cb,VH Auwiesen,2022,7,2
nutzung_1298f87f8122e7eab0d5,hotspot_baa29ef114514edc6ff4,VH Bindermichl,2022,1,21
nutzung_db34ff8bdb60db295c82,hotspot_baa29ef114514edc6ff4,VH Bindermichl,2022,2,7
nutzung_aa6606f1395b10ea3565,hotspot_baa29ef114514edc6ff4,VH Bindermichl,2022,3,532
nutzung_d68020b8e8654e3140b2,hotspot_baa29ef114514edc6ff4,VH Bindermichl,2022,4,34
nutzung_dea512935f46bcffe988,hotspot_baa29ef114514edc6ff4,VH Bindermichl,2022,5,2
nutzung_0e3f88bedf3b52038612,hotspot_baa29ef114514edc6ff4,VH Bindermichl,2022,6,
nutzung_ee688b2bc42f998f4cea,hotspot_baa29ef114514edc6ff4,VH Bindermichl,2022,7,1
nutzung_4c513b41c96a78869a01,hotspot_6b3fa707efad69392f95,VH Ebelsberg,2022,1,113
nutzung_8d9cfe43b59707405576,hotspot_6b3fa707efad69392f95,VH Ebelsberg,2022,2,138
nutzung_d558d97ae94be61680cf,hotspot_6b3fa707efad69392f95,VH Ebelsberg,2022,3,148
nutzung_e8699d15d5919777ac1a,hotspot_6b3fa707efad69392f95,VH Ebelsberg,2022,4,45
nutzung_9efe2b36087af68b7e77,hotspot_6b3fa707efad69392f95,VH Ebelsberg,2022,5,99
nutzung_5984c3c1e95820028f62,hotspot_6b3fa707efad69392f95,VH Ebelsberg,2022,6,118
nutzung_9316fb970dcd730a4db3,hotspot_6b3fa707efad69392f95,VH Ebelsberg,2022,7,53
nutzung_3b3beb143914669fd61b,hotspot_6f2090b75ed793464b10,VH Ferdinand Markl Strasse,2022,1,76
nutzung_7d2a35b48cd417988112,hotspot_6f2090b75ed793464b10,VH Ferdinand Markl Strasse,2022,2,63
nutzung_535e4898a100469495c1,hotspot_6f2090b75ed793464b10,VH Ferdinand Markl Strasse,2022,3,89
nutzung_314d91a2c9ba026f28f1,hotspot_6f2090b75ed793464b10,VH Ferdinand Markl Strasse,2022,4,344
nutzung_6c02ddb0c0949acc4863,hotspot_6f2090b75ed793464b10,VH Ferdinand Markl Strasse,2022,5,88
nutzung_f0e4c2ca4785bff2679f,hotspot_6f2090b75ed793464b10,VH Ferdinand Markl Strasse,2022,6,56
nutzung_8bc008577cfbd8173c5b,hotspot_6f2090b75ed793464b10,VH Ferdinand Markl Strasse,2022,7,48
nutzung_5e44016f5c89dab72e79,hotspot_0508aa3060d6454ec81c,VH Froschberg,2022,1,38
nutzung_9b8019aa93acabd660f2,hotspot_0508aa3060d6454ec81c,VH Froschberg,2022,2,37
nutzung_f3f91eaa45a013eda02d,hotspot_0508aa3060d6454ec81c,VH Froschberg,2022,3,36
nutzung_4dc9a1913cea0d00cc3c,hotspot_0508aa3060d6454ec81c,VH Froschberg,2022,4,30
nutzung_0a218f97294c67eea491,hotspot_0508aa3060d6454ec81c,VH Froschberg,2022,5,36
nutzung_bd2a0ffa4be94d4e7c4d,hotspot_0508aa3060d6454ec81c,VH Froschberg,2022,6,57
nutzung_5aa862b60d4de3f60f1f,hotspot_0508aa3060d6454ec81c,VH Froschberg,2022,7,32
nutzung_520499f79401e32a898d,hotspot_4c19b36f9993f7500759,VH Harbach,2022,1,37
nutzung_4fc23ed8599b36236618,hotspot_4c19b36f9993f7500759,VH Harbach,2022,2,59
nutzung_284d1b88715c0b6a52ea,hotspot_4c19b36f9993f7500759,VH Harbach,2022,3,77
nutzung_a2e2282e4b673c0734c7,hotspot_4c19b36f9993f7500759,VH Harbach,2022,4,86
nutzung_c3871718e865059037ac,hotspot_4c19b36f9993f7500759,VH Harbach,2022,5,58
nutzung_c03daec505b8c6dbde55,hotspot_4c19b36f9993f7500759,VH Harbach,2022,6,49
nutzung_699361d1720d1cb355ce,hotspot_4c19b36f9993f7500759,VH Harbach,2022,7,31
nutzung_3944a3c743cc0bdaeebc,hotspot_3e235aff561de1336abf,VH Kandlheim,2022,1,63
nutzung_691ec2f26b8e838b1fb5,hotspot_3e235aff561de1336abf,VH Kandlheim,2022,2,69
nutzung_6666534354d1d1a1de8d,hotspot_3e235aff561de1336abf,VH Kandlheim,2022,3,145
nutzung_78794e5ae2e579159b7c,hotspot_3e235aff561de1336abf,VH Kandlheim,2022,4,119
nutzung_24f6606256ba8b4a31d7,hotspot_3e235aff561de1336abf,VH Kandlheim,2022,5,146
nutzung_12b9013129a53300af0a,hotspot_3e235aff561de1336abf,VH Kandlheim,2022,6,122
nutzung_add55e3028e3c32ddb92,hotspot_3e235aff561de1336abf,VH Kandlheim,2022,7,38
nutzung_5251ea9e797689fd12b1,hotspot_b2ea0a0c037a672b59ce,VH Kleinmuenchnerhof,2022,1,173
nutzung_b9f4a7ca69ca2884dfc5,hotspot_b2ea0a0c037a672b59ce,VH Kleinmuenchnerhof,2022,2,176
nutzung_fedba298831fc19ecdf1,hotspot_b2ea0a0c037a672b59ce,VH Kleinmuenchnerhof,2022,3,179
nutzung_2ea12a366681f6cdf123,hotspot_b2ea0a0c037a672b59ce,VH Kleinmuenchnerhof,2022,4,178
nutzung_ed5cb65d43da087455ea,hotspot_b2ea0a0c037a672b59ce,VH Kleinmuenchnerhof,2022,5,148
nutzung_2aeabaa52348911cb249,hotspot_b2ea0a0c037a672b59ce,VH Kleinmuenchnerhof,2022,6,116
nutzung_54ec789179c82e48a824,hotspot_b2ea0a0c037a672b59ce,VH Kleinmuenchnerhof,2022,7,114
nutzung_3e872c3cdb7520298fb0,hotspot_0a2252a260d6c19c2313,VH Neue Heimat,2022,1,140
nutzung_43dfb83be86608fde528,hotspot_0a2252a260d6c19c2313,VH Neue Heimat,2022,2,108
nutzung_56a747fed936ebb0a11c,hotspot_0a2252a260d6c19c2313,VH Neue Heimat,2022,3,105
nutzung_b0d159edce6ca07257eb,hotspot_0a2252a260d6c19c2313,VH Neue Heimat,2022,4,44
nutzung_81d9737ee9511150c01d,hotspot_0a2252a260d6c19c2313,VH Neue Heimat,2022,5,44
nutzung_5445d4e5c13f88ae9b63,hotspot_0a2252a260d6c19c2313,VH Neue Heimat,2022,6,61
nutzung_d62d652e3d52e6e536e4,hotspot_0a2252a260d6c19c2313,VH Neue Heimat,2022,7,17
nutzung_925a55d9b28c97053bf6,hotspot_35a74984d49deee69040,VH Pichling Seminar 1,2022,1,11
nutzung_37d57f25c9b6af4dbd30,hotspot_35a74984d49deee69040,VH Pichling Seminar 1,2022,2,15
nutzung_e79997f86878b25ae3b0,hotspot_35a74984d49deee69040,VH Pichling Seminar 1,2022,3,28
nutzung_a792272499404a8e55c6,hotspot_35a74984d49deee69040,VH Pichling Seminar 1,2022,4,43
nutzung_7756599c54fc8026efec,hotspot_35a74984d49deee69040,VH Pichling Seminar 1,2022,5,44
nutzung_f1204cd0c44ed56ca655,hotspot_35a74984d49deee69040,VH Pichling Seminar 1,2022,6,48
nutzung_1b169f26517ceee2440b,hotspot_35a74984d49deee69040,VH Pichling Seminar 1,2022,7,16
nutzung_6c0b58c6a145d9b288f6,hotspot_255aaa888c1aac0508b9,VH Pichling Seminar 2,2022,1,28
nutzung_32510cd4b0c25b5623eb,hotspot_255aaa888c1aac0508b9,VH Pichling Seminar 2,2022,2,42
nutzung_cb9b41c3182141c23113,hotspot_255aaa888c1aac0508b9,VH Pichling Seminar 2,2022,3,50
nutzung_52d42910ca20c373c519,hotspot_255aaa888c1aac0508b9,VH Pichling Seminar 2,2022,4,49
nutzung_244c741aafd1856be072,hotspot_255aaa888c1aac0508b9,VH Pichling Seminar 2,2022,5,49
nutzung_09f4455c12948d21ce82,hotspot_255aaa888c1aac0508b9,VH Pichling Seminar 2,2022,6,38
nutzung_48da4f323fa265545a63,hotspot_255aaa888c1aac0508b9,VH Pichling Seminar 2,2022,7,34
nutzung_83b4ed69abc7ac7df63d,hotspot_8ed0689875edc49f4114,VH Pichling Seminar 3,2022,1,21
nutzung_ea1a6afcadd627d0ca5e,hotspot_8ed0689875edc49f4114,VH Pichling Seminar 3,2022,2,37
nutzung_54fc00eefcf985dea05e,hotspot_8ed0689875edc49f4114,VH Pichling Seminar 3,2022,3,38
nutzung_420a7af20038de22d5f6,hotspot_8ed0689875edc49f4114,VH Pichling Seminar 3,2022,4,
nutzung_e618505a14aa7d3c5031,hotspot_8ed0689875edc49f4114,VH Pichling Seminar 3,2022,5,
nutzung_25b475a4a19777c54a62,hotspot_8ed0689875edc49f4114,VH Pichling Seminar 3,2022,6,
nutzung_acdaa32aa49e563769fd,hotspot_8ed0689875edc49f4114,VH Pichling Seminar 3,2022,7,
nutzung_405e7c8873ada045bd14,hotspot_598b868936ee7cfc11fc,VH_Dornach_Tagesraum1,2022,1,29
nutzung_55e76d5ea7cb950f7283,hotspot_598b868936ee7cfc11fc,VH_Dornach_Tagesraum1,2022,2,40
nutzung_f0d03c5bb098488a5612,hotspot_598b868936ee7cfc11fc,VH_Dornach_Tagesraum1,2022,3,66
nutzung_064deab22ace1e894169,hotspot_598b868936ee7cfc11fc,VH_Dornach_Tagesraum1,2022,4,44
nutzung_b7038a6a5314057d118f,hotspot_598b868936ee7cfc11fc,VH_Dornach_Tagesraum1,2022,5,35
nutzung_ffacb723c2701d1371b4,hotspot_598b868936ee7cfc11fc,VH_Dornach_Tagesraum1,2022,6,26
nutzung_1f90e8f20bab96e77a62,hotspot_598b868936ee7cfc11fc,VH_Dornach_Tagesraum1,2022,7,6
nutzung_326dc0d3fa65341746b6,hotspot_4df13d4339ba3bd86c0d,VH_Dornach_Tagesraum2,2022,1,95
nutzung_1a992d52de2800a7f1f3,hotspot_4df13d4339ba3bd86c0d,VH_Dornach_Tagesraum2,2022,2,59
nutzung_a47704acc0abe8d8a288,hotspot_4df13d4339ba3bd86c0d,VH_Dornach_Tagesraum2,2022,3,69
nutzung_8cf5f41e835cdef7d28c,hotspot_4df13d4339ba3bd86c0d,VH_Dornach_Tagesraum2,2022,4,58
nutzung_0b68aac093e18c150ae4,hotspot_4df13d4339ba3bd86c0d,VH_Dornach_Tagesraum2,2022,5,79
nutzung_8d9c83df7d73b9c67fff,hotspot_4df13d4339ba3bd86c0d,VH_Dornach_Tagesraum2,2022,6,59
nutzung_d7a1097eda27e87ddff7,hotspot_4df13d4339ba3bd86c0d,VH_Dornach_Tagesraum2,2022,7,23
nutzung_49bbdc54eb93128d68fd,hotspot_e7fe8e8ea7a5312bb3f0,Volksgarten,2022,1,1189
nutzung_51bff6937766ebebd998,hotspot_e7fe8e8ea7a5312bb3f0,Volksgarten,2022,2,904
nutzung_bd10a77a3052ab24a2e5,hotspot_e7fe8e8ea7a5312bb3f0,Volksgarten,2022,3,1509
nutzung_f60916a984b231e8a3e0,hotspot_e7fe8e8ea7a5312bb3f0,Volksgarten,2022,4,
nutzung_14924b5f11136eb5149b,hotspot_e7fe8e8ea7a5312bb3f0,Volksgarten,2022,5,
nutzung_6aea279a64792a79a759,hotspot_e7fe8e8ea7a5312bb3f0,Volksgarten,2022,6,625
nutzung_e614f11bd16112e2fd60,hotspot_e7fe8e8ea7a5312bb3f0,Volksgarten,2022,7,
nutzung_f37709b537e4701f9e39,hotspot_23a42af1f6010eacd785,Volkshaus Dornach,2022,1,37
nutzung_73061fc907df88ecaf08,hotspot_23a42af1f6010eacd785,Volkshaus Dornach,2022,2,22
nutzung_163d72f9530432cb5327,hotspot_23a42af1f6010eacd785,Volkshaus Dornach,2022,3,74
nutzung_4392c50452b5d861d82b,hotspot_23a42af1f6010eacd785,Volkshaus Dornach,2022,4,87
nutzung_3f91ce140cd0687e25c3,hotspot_23a42af1f6010eacd785,Volkshaus Dornach,2022,5,144
nutzung_39fb9aebf6625be06f49,hotspot_23a42af1f6010eacd785,Volkshaus Dornach,2022,6,94
nutzung_940dc6a2e1a717daf187,hotspot_23a42af1f6010eacd785,Volkshaus Dornach,2022,7,16
nutzung_72325d4be0bd564f921b,hotspot_3542f7fb79aca1c7afe6,Volkshaus Keferfeld,2022,1,170
nutzung_83e4c2c6488e6f8afbe8,hotspot_3542f7fb79aca1c7afe6,Volkshaus Keferfeld,2022,2,120
nutzung_6cae6e3ff0e4f19d1128,hotspot_3542f7fb79aca1c7afe6,Volkshaus Keferfeld,2022,3,170
nutzung_d2ccd0ffa7e06c61fb87,hotspot_3542f7fb79aca1c7afe6,Volkshaus Keferfeld,2022,4,241
nutzung_fa4eabe147b28b966a01,hotspot_3542f7fb79aca1c7afe6,Volkshaus Keferfeld,2022,5,253
nutzung_5cc2158245de5b7b8ee4,hotspot_3542f7fb79aca1c7afe6,Volkshaus Keferfeld,2022,6,220
nutzung_ba7290dc0df4cebdf8c2,hotspot_3542f7fb79aca1c7afe6,Volkshaus Keferfeld,2022,7,103
nutzung_26dac7e7d7e55146e4b7,hotspot_d06dcab3f2b8799fdcb1,Volkshaus Pichling,2022,1,72
nutzung_937efe67365d9583be79,hotspot_d06dcab3f2b8799fdcb1,Volkshaus Pichling,2022,2,59
nutzung_db7c4231c643e64a6aaa,hotspot_d06dcab3f2b8799fdcb1,Volkshaus Pichling,2022,3,78
nutzung_927b161ae9d28d4c33a9,hotspot_d06dcab3f2b8799fdcb1,Volkshaus Pichling,2022,4,154
nutzung_771796682f3f8dc2786e,hotspot_d06dcab3f2b8799fdcb1,Volkshaus Pichling,2022,5,117
nutzung_2d6eaf40531ee436cf43,hotspot_d06dcab3f2b8799fdcb1,Volkshaus Pichling,2022,6,95
nutzung_39d0636117ba94b59d3a,hotspot_d06dcab3f2b8799fdcb1,Volkshaus Pichling,2022,7,89
nutzung_fb0bcfa18a94875b8513,hotspot_5054bbc0a3728771bc3b,VZ Weissenwolfstrasse,2022,1,149
nutzung_3701cd81f0888f1cca53,hotspot_5054bbc0a3728771bc3b,VZ Weissenwolfstrasse,2022,2,112
nutzung_ad8bd65610935924e851,hotspot_5054bbc0a3728771bc3b,VZ Weissenwolfstrasse,2022,3,156
nutzung_029860217e0b957fdc27,hotspot_5054bbc0a3728771bc3b,VZ Weissenwolfstrasse,2022,4,108
nutzung_11d310ebb4029f7749c5,hotspot_5054bbc0a3728771bc3b,VZ Weissenwolfstrasse,2022,5,159
nutzung_95471bc04d5453776c60,hotspot_5054bbc0a3728771bc3b,VZ Weissenwolfstrasse,2022,6,137
nutzung_5f3b4de861cbb0e13720,hotspot_5054bbc0a3728771bc3b,VZ Weissenwolfstrasse,2022,7,56
nutzung_c33a2bf103ef75262ca4,hotspot_f96db4233913d3742824,Weikerlsee,2022,1,11
nutzung_904b5cbd9c0746d17af4,hotspot_f96db4233913d3742824,Weikerlsee,2022,2,28
nutzung_dea97d6d28c15f99e3e0,hotspot_f96db4233913d3742824,Weikerlsee,2022,3,37
nutzung_4e06bdac7fe578fffdc6,hotspot_f96db4233913d3742824,Weikerlsee,2022,4,45
nutzung_cb0b9c88ec56d67e4e22,hotspot_f96db4233913d3742824,Weikerlsee,2022,5,37
nutzung_155c306e10b33c42d070,hotspot_f96db4233913d3742824,Weikerlsee,2022,6,61
nutzung_fc75844127fb13e3eb80,hotspot_f96db4233913d3742824,Weikerlsee,2022,7,40
nutzung_58e480a684b81edb43fc,hotspot_b292383909220b1a3c7e,Weikerlsee Buffet,2022,1,23
nutzung_8395bd69d83ffc585630,hotspot_b292383909220b1a3c7e,Weikerlsee Buffet,2022,2,82
nutzung_2ac88c5108cf4e64d3dc,hotspot_b292383909220b1a3c7e,Weikerlsee Buffet,2022,3,116
nutzung_8ee6ebc62fc0a253e639,hotspot_b292383909220b1a3c7e,Weikerlsee Buffet,2022,4,133
nutzung_084295c85e19101c428e,hotspot_b292383909220b1a3c7e,Weikerlsee Buffet,2022,5,290
nutzung_d4fd6d59ce33cc421849,hotspot_b292383909220b1a3c7e,Weikerlsee Buffet,2022,6,433
nutzung_67dbdb016531b8d02fa8,hotspot_b292383909220b1a3c7e,Weikerlsee Buffet,2022,7,351
nutzung_dd86ce98965c31158be2,hotspot_0c9b2ac883eec0119c28,Wimhoelzplatz,2022,1,278
nutzung_1c27ad0e28853f3ea0f0,hotspot_0c9b2ac883eec0119c28,Wimhoelzplatz,2022,2,459
nutzung_442a37d6138bf1398abf,hotspot_0c9b2ac883eec0119c28,Wimhoelzplatz,2022,3,320
nutzung_c1b5cf4e341320b85d2b,hotspot_0c9b2ac883eec0119c28,Wimhoelzplatz,2022,4,356
nutzung_354f978caa6af05aa337,hotspot_0c9b2ac883eec0119c28,Wimhoelzplatz,2022,5,388
nutzung_0076f4eb59f419f0a673,hotspot_0c9b2ac883eec0119c28,Wimhoelzplatz,2022,6,575
nutzung_ea4b72a51c5f7a842f09,hotspot_0c9b2ac883eec0119c28,Wimhoelzplatz,2022,7,406
nutzung_a9cc77d0a52798be5986,hotspot_a93da573d4102a703f3c,Zahnmuseum,2022,1,1
nutzung_3323df3e47f1d237c265,hotspot_a93da573d4102a703f3c,Zahnmuseum,2022,2,8
nutzung_e500b36a5cdf5fec6cd2,hotspot_a93da573d4102a703f3c,Zahnmuseum,2022,3,9
nutzung_8a8ddf716cc1d197099d,hotspot_a93da573d4102a703f3c,Zahnmuseum,2022,4,11
nutzung_ae2075f431f25f46ccc8,hotspot_a93da573d4102a703f3c,Zahnmuseum,2022,5,14
nutzung_b62e094a9b3f4891854c,hotspot_a93da573d4102a703f3c,Zahnmuseum,2022,6,8
nutzung_a0a1c56b1173ee91d9f9,hotspot_a93da573d4102a703f3c,Zahnmuseum,2022,7,12
