id,nummer,name,lat,lon,kurztext,start_jahr,ende_jahr,status_2022,stadt,plz,strasse,homepage
hotspot_6b7f88ea3d0ec23d6215,3024,AEC Dach (Ars Electronica Center),48.30972700000000,14.28431400000000,"Hier ist nur einer von vielen Hotspot-Standorten in Linz, an dem gratis gesurft werden kann. Der Ausbau der Hotspots mit kostenlosem Internetzugang wird vom Kabelnetzbetreiber LIWEST auf Initiative der Stadt Linz betrieben.",2009,,ok,Linz,4040,Ars-Electronica-Straße 1,https://www.linz.at/hotspot/
hotspot_ea93c6afb71ce9bdd0de,2033,AKH (Vorplatz),48.30277800000000,14.30263900000000,"Hier ist nur einer von vielen Hotspot-Standorten in Linz, an dem gratis gesurft werden kann. Der Ausbau der Hotspots mit kostenlosem Internetzugang wird vom Kabelnetzbetreiber LIWEST auf Initiative der Stadt Linz betrieben.",2008,,ok,Linz,4020,Krankenhausstraße 1,https://www.linz.at/hotspot/
hotspot_ad101e6ab0dcbe00e116,1996,AKH Bibliothek,48.30329400000000,14.30543300000000,"Hier ist nur einer von vielen Hotspot-Standorten in Linz, an dem gratis gesurft werden kann. Der Ausbau der Hotspots mit kostenlosem Internetzugang wird vom Kabelnetzbetreiber LIWEST auf Initiative der Stadt Linz betrieben.",2006,,ok,Linz,4020,Krankenhausstraße 9,https://www.linz.at/hotspot/
hotspot_6b5c9a0fe2019392b64e,,AKH Park,48.30335781474580,14.30187105374210,"Hier ist nur einer von vielen Hotspot-Standorten in Linz, an dem gratis gesurft werden kann. Der Ausbau der Hotspots mit kostenlosem Internetzugang wird vom Kabelnetzbetreiber LIWEST auf Initiative der Stadt Linz betrieben.",2007,,neu,Linz,4020,Weißenwolffstraße 7,https://www.linz.at/hotspot/
hotspot_19dd279191db6a1c763a,1991,Altes Rathaus,48.30604700000000,14.28697700000000,"Hier ist nur einer von vielen Hotspot-Standorten in Linz, an dem gratis gesurft werden kann. Der Ausbau der Hotspots mit kostenlosem Internetzugang wird vom Kabelnetzbetreiber LIWEST auf Initiative der Stadt Linz betrieben.",2006,,ok,Linz,4020,Hauptplatz 1,https://www.linz.at/hotspot/
hotspot_b64421c5864e31c4ea70,2034,Altstadt 10 (Kremsmünsterer Haus),48.30531100000000,14.28402800000000,"Hier ist nur einer von vielen Hotspot-Standorten in Linz, an dem gratis gesurft werden kann. Der Ausbau der Hotspots mit kostenlosem Internetzugang wird vom Kabelnetzbetreiber LIWEST auf Initiative der Stadt Linz betrieben.",2008,,ok,Linz,4020,Altstadt 10,https://www.linz.at/hotspot/
hotspot_325bca81d8655fee0543,2015,Andreas Hofer Platz,48.28677800000000,14.29694400000000,"Hier ist nur einer von vielen Hotspot-Standorten in Linz, an dem gratis gesurft werden kann. Der Ausbau der Hotspots mit kosten- und drahtlosem Internetzugang wird vom Kabelnetzbetreiber LIWEST auf Initiative der Stadt Linz betrieben.",2008,2022,offline,Linz,4020,Andreas Hoferplatz gesamtes Areal,http://www.hotspotlinz.at
hotspot_086eb2a2d89c27b27328,2019,AnnPatt (Jugendzentrum Ann & Patt),48.30683800000000,14.29037500000000,"Hier ist nur einer von vielen Hotspot-Standorten in Linz, an dem gratis gesurft werden kann. Der Ausbau der Hotspots mit kostenlosem Internetzugang wird vom Kabelnetzbetreiber LIWEST auf Initiative der Stadt Linz betrieben.",2006,,ok,Linz,4020,Lederergasse 7,https://www.linz.at/hotspot/
hotspot_6bfb2add5071ad632f34,,Arcotel,48.31165212287830,14.29380102719030,"Hier ist nur einer von vielen Hotspot-Standorten in Linz, an dem gratis gesurft werden kann. Der Ausbau der Hotspots mit kostenlosem Internetzugang wird vom Kabelnetzbetreiber LIWEST auf Initiative der Stadt Linz betrieben.",2007,,neu,Linz,4020,Untere Donaulände 9,https://www.linz.at/hotspot/
hotspot_279907af403c6ca40de8,1992,Arkade (Einkaufszentrum),48.30345900000000,14.28684800000000,"Hier ist nur einer von vielen Hotspot-Standorten in Linz, an dem gratis gesurft werden kann. Der Ausbau der Hotspots mit kosten- und drahtlosem Internetzugang wird vom Kabelnetzbetreiber LIWEST auf Initiative der Stadt Linz betrieben.",2006,2022,offline,Linz,4020,Innenhof Arkade,http://www.hotspotlinz.at
hotspot_312ebbdfef6f5a20b4af,1994,ASKOe,48.32215200000000,14.27727300000000,"Hier ist nur einer von vielen Hotspot-Standorten in Linz, an dem gratis gesurft werden kann. Der Ausbau der Hotspots mit kostenlosem Internetzugang wird vom Kabelnetzbetreiber LIWEST auf Initiative der Stadt Linz betrieben.",2008,,ok,Linz,4040,Hölderlinstraße 26,https://www.linz.at/hotspot/
hotspot_d7464412376d4946bd94,4000,B37 (Sozialverein),48.30348900000000,14.29738900000000,"Hier ist nur einer von vielen Hotspot-Standorten in Linz, an dem gratis gesurft werden kann. Der Ausbau der Hotspots mit kostenlosem Internetzugang wird vom Kabelnetzbetreiber LIWEST auf Initiative der Stadt Linz betrieben.",2012,,ok,Linz,4020,Bethlehemstraße 37,https://www.linz.at/hotspot/
hotspot_d6dd018136cd7634dde7,3020,Bahnhof Park (Hauptbahnhof),48.29059500000000,14.29029200000000,"Hier ist nur einer von vielen Hotspot-Standorten in Linz, an dem gratis gesurft werden kann. Der Ausbau der Hotspots mit kostenlosem Internetzugang wird vom Kabelnetzbetreiber LIWEST auf Initiative der Stadt Linz betrieben.",2009,,ok,Linz,4020,Bahnhofplatz,https://www.linz.at/hotspot/
hotspot_945a798b87d729c8be95,1989,Bergschlößl-Park,48.29086100000000,14.28544400000000,"Hier ist nur einer von vielen Hotspot-Standorten in Linz, an dem gratis gesurft werden kann. Der Ausbau der Hotspots mit kostenlosem Internetzugang wird vom Kabelnetzbetreiber LIWEST auf Initiative der Stadt Linz betrieben.",2007,,ok,Linz,4020,Bergschlößlgasse 2,https://www.linz.at/hotspot/
hotspot_48719a172ad7bbec3ec3,2063,Bernaschekplatz (Kinder- und Jugendservices),48.31080800000000,14.28093500000000,"Hier ist nur einer von vielen Hotspot-Standorten in Linz, an dem gratis gesurft werden kann. Der Ausbau der Hotspots mit kostenlosem Internetzugang wird vom Kabelnetzbetreiber LIWEST auf Initiative der Stadt Linz betrieben.",2007,,ok,Linz,4040,Rudolfstraße 18,https://www.linz.at/hotspot/
hotspot_d695ca73ea22b177de91,1995,Bibliothek der Katholisch Theologischen Privatuniversität,48.30377100000000,14.29146400000000,"Hier ist nur einer von vielen Hotspot-Standorten in Linz, an dem gratis gesurft werden kann. Der Ausbau der Hotspots mit kosten- und drahtlosem Internetzugang wird vom Kabelnetzbetreiber LIWEST auf Initiative der Stadt Linz betrieben.",2006,2010,offline,Linz,4020,Bethlehemstraße 20,http://www.hotspotlinz.at
hotspot_892978d720411c890aea,2050,Bibliothek Dornach (Stadtbibliothek),48.33321700000000,14.31732100000000,"Hier ist nur einer von vielen Hotspot-Standorten in Linz, an dem gratis gesurft werden kann. Der Ausbau der Hotspots mit kostenlosem Internetzugang wird vom Kabelnetzbetreiber LIWEST auf Initiative der Stadt Linz betrieben.",2006,,ok,Linz,4040,Sombartstraße 1-5,https://www.linz.at/hotspot/
hotspot_b7762d0f6fdad14226fc,2054,Bibliothek Neue Heimat (Stadtbibliothek),48.25117600000000,14.29289400000000,"Hier ist nur einer von vielen Hotspot-Standorten in Linz, an dem gratis gesurft werden kann. Der Ausbau der Hotspots mit kostenlosem Internetzugang wird vom Kabelnetzbetreiber LIWEST auf Initiative der Stadt Linz betrieben.",2006,,ok,Linz,4020,Lilienthalstraße 5,https://www.linz.at/hotspot/
hotspot_bbab7fc7b66e9b608097,2055,Bibliothek Pichling (Stadtbibliothek),48.25803900000000,14.36080900000000,"Hier ist nur einer von vielen Hotspot-Standorten in Linz, an dem gratis gesurft werden kann. Der Ausbau der Hotspots mit kostenlosem Internetzugang wird vom Kabelnetzbetreiber LIWEST auf Initiative der Stadt Linz betrieben.",2006,,ok,Linz,4030,Lunaplatz 4,https://www.linz.at/hotspot/
hotspot_a2c6ae48d41b92af9931,1997,Bibliotheks-Center Urfahr,48.31530200000000,14.28036700000000,"Hier ist nur einer von vielen Hotspot-Standorten in Linz, an dem gratis gesurft werden kann. Der Ausbau der Hotspots mit kosten- und drahtlosem Internetzugang wird vom Kabelnetzbetreiber LIWEST auf Initiative der Stadt Linz betrieben.",2006,2017,offline,Linz,4040,Hauptstraße 83-85,http://www.hotspotlinz.at
hotspot_0a83e8f7e95b073e01b5,3014,Bindermichl (Landschaftspark Bindermichl-Spallerhof),48.26926700000000,14.29576900000000,"Hier ist nur einer von vielen Hotspot-Standorten in Linz, an dem gratis gesurft werden kann. Der Ausbau der Hotspots mit kostenlosem Internetzugang wird vom Kabelnetzbetreiber LIWEST auf Initiative der Stadt Linz betrieben.",2009,,ok,Linz,4020,Bellevuepark (südlicher Teil),https://www.linz.at/hotspot/
hotspot_a3943a2fe9a25901d08b,1999,Botanischer Garten,48.29599400000000,14.27701900000000,"Hier ist nur einer von vielen Hotspot-Standorten in Linz, an dem gratis gesurft werden kann. Der Ausbau der Hotspots mit kostenlosem Internetzugang wird vom Kabelnetzbetreiber LIWEST auf Initiative der Stadt Linz betrieben.",2006,,ok,Linz,4020,Roseggerstraße 20,https://www.linz.at/hotspot/
hotspot_e821df0ee959b4c98416,2000,Brucknerhaus,48.31057700000000,14.29279100000000,"Hier ist nur einer von vielen Hotspot-Standorten in Linz, an dem gratis gesurft werden kann. Der Ausbau der Hotspots mit kostenlosem Internetzugang wird vom Kabelnetzbetreiber LIWEST auf Initiative der Stadt Linz betrieben.",2006,,ok,Linz,4020,Untere Donaulände 7,https://www.linz.at/hotspot/
hotspot_20bccbd494ac29064116,2001,Buergerstrasse,48.29855900000000,14.29157200000000,"Hier ist nur einer von vielen Hotspot-Standorten in Linz, an dem gratis gesurft werden kann. Der Ausbau der Hotspots mit kostenlosem Internetzugang wird vom Kabelnetzbetreiber LIWEST auf Initiative der Stadt Linz betrieben.",2006,,ok,Linz,4020,Bürgerstraße,https://www.linz.at/hotspot/
hotspot_d255813fbe9da2288ad2,3021,Busbahnhof (Hauptbahnhof - Busterminal),48.29268900000000,14.29258500000000,"Hier ist nur einer von vielen Hotspot-Standorten in Linz, an dem gratis gesurft werden kann. Der Ausbau der Hotspots mit kostenlosem Internetzugang wird vom Kabelnetzbetreiber LIWEST auf Initiative der Stadt Linz betrieben.",2009,,ok,Linz,4020,Bahnhofplatz 1,https://www.linz.at/hotspot/
hotspot_1cac28c0ebaae12b0c23,3001,Citypark,48.30027200000000,14.29213400000000,"Hier ist nur einer von vielen Hotspot-Standorten in Linz, an dem gratis gesurft werden kann. Der Ausbau der Hotspots mit kostenlosem Internetzugang wird vom Kabelnetzbetreiber LIWEST auf Initiative der Stadt Linz betrieben.",2010,,ok,Linz,4020,Johann-Konrad-Vogel-Straße 47,https://www.linz.at/hotspot/
hotspot_78481e49adef11e902ac,,Domplatz,48.30045850663010,14.28721739843070,"Hier ist nur einer von vielen Hotspot-Standorten in Linz, an dem gratis gesurft werden kann. Der Ausbau der Hotspots mit kostenlosem Internetzugang wird vom Kabelnetzbetreiber LIWEST auf Initiative der Stadt Linz betrieben.",2013,,neu,Linz,,Herrenstraße 36,https://www.linz.at/hotspot/
hotspot_5a565c79ccb9326e5038,3685,Donaulände (Lentos bis Brucknerhaus),48.30989700000000,14.29101100000000,"Hier ist nur einer von vielen Hotspot-Standorten in Linz, an dem gratis gesurft werden kann. Der Ausbau der Hotspots mit kostenlosem Internetzugang wird vom Kabelnetzbetreiber LIWEST auf Initiative der Stadt Linz betrieben.",2007,,ok,Linz,4020,Untere Donaulände,https://www.linz.at/hotspot/
hotspot_9dd162d3fc41a81db1b9,2004,Eisenbahnbrücke,48.31816300000000,14.29424400000000,"Hier ist nur einer von vielen Hotspot-Standorten in Linz, an dem gratis gesurft werden kann. Der Ausbau der Hotspots mit kostenlosem Internetzugang wird vom Kabelnetzbetreiber LIWEST auf Initiative der Stadt Linz betrieben.",2006,,ok,Linz,4020,Heinrich-Gleißner-Promenade,https://www.linz.at/hotspot/
hotspot_c60061fdbbda65130208,3021,Eishalle (Brucknerhaus bis Eisenbahnbrücke),48.31344100000000,14.29542900000000,"Hier ist nur einer von vielen Hotspot-Standorten in Linz, an dem gratis gesurft werden kann. Der Ausbau der Hotspots mit kostenlosem Internetzugang wird vom Kabelnetzbetreiber LIWEST auf Initiative der Stadt Linz betrieben.",2007,,ok,Linz,4020,Untere Donaulände,https://www.linz.at/hotspot/
hotspot_634d78104337fdb7fc35,,EKZ Muldenstrasse,48.27613824848570,14.29842838486060,"Hier ist nur einer von vielen Hotspot-Standorten in Linz, an dem gratis gesurft werden kann. Der Ausbau der Hotspots mit kostenlosem Internetzugang wird vom Kabelnetzbetreiber LIWEST auf Initiative der Stadt Linz betrieben.",,,neu,Linz,4020,Einsteinstraße 3-11,https://www.linz.at/hotspot/
hotspot_c73107e71ae362fa8024,2032,Grünmarkt (Kinder- und Jugendservices),48.31081900000000,14.28093200000000,"Hier ist nur einer von vielen Hotspot-Standorten in Linz, an dem gratis gesurft werden kann. Der Ausbau der Hotspots mit kostenlosem Internetzugang wird vom Kabelnetzbetreiber LIWEST auf Initiative der Stadt Linz betrieben.",2008,,ok,Linz,4040,Rudolfstraße 18,https://www.linz.at/hotspot/
hotspot_03933207a0044471f492,,Hafen,48.31442934107600,14.32195779206570,"Hier ist nur einer von vielen Hotspot-Standorten in Linz, an dem gratis gesurft werden kann. Der Ausbau der Hotspots mit kostenlosem Internetzugang wird vom Kabelnetzbetreiber LIWEST auf Initiative der Stadt Linz betrieben.",,,neu,Linz,,,https://www.linz.at/hotspot/
hotspot_672d494b5dc47f388adb,2006,Hauptbahnhof (Halle),48.29061400000000,14.29121600000000,"Hier ist nur einer von vielen Hotspot-Standorten in Linz, an dem gratis gesurft werden kann. Der Ausbau der Hotspots mit kostenlosem Internetzugang wird vom Kabelnetzbetreiber LIWEST auf Initiative der Stadt Linz betrieben.",2006,,ok,Linz,4020,Bahnhofplatz 3-6,https://www.linz.at/hotspot/
hotspot_bc633e1c310a1d967095,2007,Hauptplatz,48.30545500000000,14.28680400000000,"Hier ist nur einer von vielen Hotspot-Standorten in Linz, an dem gratis gesurft werden kann. Der Ausbau der Hotspots mit kostenlosem Internetzugang wird vom Kabelnetzbetreiber LIWEST auf Initiative der Stadt Linz betrieben.",2008,,ok,Linz,4020,Hauptplatz,https://www.linz.at/hotspot/
hotspot_de924c5a07a6a0047188,,Heilham,48.31821660000000,14.29282800000000,"Hier ist nur einer von vielen Hotspot-Standorten in Linz, an dem gratis gesurft werden kann. Der Ausbau der Hotspots mit kostenlosem Internetzugang wird vom Kabelnetzbetreiber LIWEST auf Initiative der Stadt Linz betrieben.",,,neu,Linz,,,https://www.linz.at/hotspot/
hotspot_799574d7f5ab0f61b248,3019,Herbert Bayr Platz,48.30672400000000,14.29182000000000,"Hier ist nur einer von vielen Hotspot-Standorten in Linz, an dem gratis gesurft werden kann. Der Ausbau der Hotspots mit kostenlosem Internetzugang wird vom Kabelnetzbetreiber LIWEST auf Initiative der Stadt Linz betrieben.",2009,,ok,Linz,4020,Herbert-Bayer-Platz,https://www.linz.at/hotspot/
hotspot_3840ce3e832008e4e94f,3017,Hessenplatz,48.30064100000000,14.29428800000000,"Hier ist nur einer von vielen Hotspot-Standorten in Linz, an dem gratis gesurft werden kann. Der Ausbau der Hotspots mit kostenlosem Internetzugang wird vom Kabelnetzbetreiber LIWEST auf Initiative der Stadt Linz betrieben.",2008,,ok,Linz,4020,Hessenplatz,https://www.linz.at/hotspot/
hotspot_8eef830bd4c528c2486c,2077,HS WT (Wissensturm),48.29082100000000,14.28819000000000,"Hier ist nur einer von vielen Hotspot-Standorten in Linz, an dem gratis gesurft werden kann. Der Ausbau der Hotspots mit kostenlosem Internetzugang wird vom Kabelnetzbetreiber LIWEST auf Initiative der Stadt Linz betrieben.",2007,,ok,Linz,4020,Kärntnerstraße 26,https://www.linz.at/hotspot/
hotspot_6fa1f2f932f3d03b9282,,Hummelhofbad,48.27570267143670,14.29125685802070,"Hier ist nur einer von vielen Hotspot-Standorten in Linz, an dem gratis gesurft werden kann. Der Ausbau der Hotspots mit kostenlosem Internetzugang wird vom Kabelnetzbetreiber LIWEST auf Initiative der Stadt Linz betrieben.",2016,,neu,Linz,4020,Ramsauerstraße 12,https://www.linz.at/hotspot/
hotspot_49553dc06f48b43d04f2,,Innovationisbuero,48.30572705878460,14.28723730238950,"Hier ist nur einer von vielen Hotspot-Standorten in Linz, an dem gratis gesurft werden kann. Der Ausbau der Hotspots mit kostenlosem Internetzugang wird vom Kabelnetzbetreiber LIWEST auf Initiative der Stadt Linz betrieben.",2019,,neu,Linz,4020,Pfarrgasse 3,https://www.linz.at/hotspot/
hotspot_a32068fb6836e6e390ad,2012,Jugendberatung Baustelle,48.25099500000000,14.28755800000000,"Hier ist nur einer von vielen Hotspot-Standorten in Linz, an dem gratis gesurft werden kann. Der Ausbau der Hotspots mit kosten- und drahtlosem Internetzugang wird vom Kabelnetzbetreiber LIWEST auf Initiative der Stadt Linz betrieben.",2006,2018,offline,Linz,4040,Vogelfängerweg 25,http://www.hotspotlinz.at
hotspot_21894bcd4999e28a9167,2014,Jugendberatungsstelle Advice,48.27026700000000,14.28219100000000,"Hier ist nur einer von vielen Hotspot-Standorten in Linz, an dem gratis gesurft werden kann. Der Ausbau der Hotspots mit kosten- und drahtlosem Internetzugang wird vom Kabelnetzbetreiber LIWEST auf Initiative der Stadt Linz betrieben.",2007,2020,offline,Linz,4020,Landwiedstraße 62-65,http://www.hotspotlinz.at
hotspot_91458cb5b35535757c25,3016,Jugendgästehaus,48.29298400000000,14.27400600000000,"Hier ist nur einer von vielen Hotspot-Standorten in Linz, an dem gratis gesurft werden kann. Der Ausbau der Hotspots mit kosten- und drahtlosem Internetzugang wird vom Kabelnetzbetreiber LIWEST auf Initiative der Stadt Linz betrieben.",2009,2020,offline,Linz,4020,Stanglhofweg 3,http://www.hotspotlinz.at
hotspot_a49de9918336b66fd5fb,2017,Jugendzentrum ((club)),48.33141200000000,14.31463600000000,"Hier ist nur einer von vielen Hotspot-Standorten in Linz, an dem gratis gesurft werden kann. Der Ausbau der Hotspots mit kosten- und drahtlosem Internetzugang wird vom Kabelnetzbetreiber LIWEST auf Initiative der Stadt Linz betrieben.",2006,2022,offline,Linz,4040,Niedermayrweg 7,http://www.hotspotlinz.at
hotspot_b27c6290c53ce7dea967,2002,Jugendzentrum Downtown,48.24492700000000,14.27963600000000,"Hier ist nur einer von vielen Hotspot-Standorten in Linz, an dem gratis gesurft werden kann. Der Ausbau der Hotspots mit kosten- und drahtlosem Internetzugang wird vom Kabelnetzbetreiber LIWEST auf Initiative der Stadt Linz betrieben.",2006,2022,offline,Linz,4030,Matthäus-Herzog-Straße 7,http://www.hotspotlinz.at
hotspot_6f29db569bb64dc4f992,2022,Jugendzentrum Fjutscharama,48.25049000000000,14.30389600000000,"Hier ist nur einer von vielen Hotspot-Standorten in Linz, an dem gratis gesurft werden kann. Der Ausbau der Hotspots mit kosten- und drahtlosem Internetzugang wird vom Kabelnetzbetreiber LIWEST auf Initiative der Stadt Linz betrieben.",2006,,defekt,Linz,4030,Scharmühlwinkel 13,http://www.hotspotlinz.at
hotspot_a7e7eacb0db4633fc010,2025,Jugendzentrum KUBA,48.28221200000000,14.30779700000000,"Hier ist nur einer von vielen Hotspot-Standorten in Linz, an dem gratis gesurft werden kann. Der Ausbau der Hotspots mit kosten- und drahtlosem Internetzugang wird vom Kabelnetzbetreiber LIWEST auf Initiative der Stadt Linz betrieben.",2007,2022,offline,Linz,4020,Wiener Straße 127,http://www.hotspotlinz.at
hotspot_8e456a0bde2b9f232b97,2016,Jugendzentrum Plutonium,48.28633400000000,14.29673100000000,"Hier ist nur einer von vielen Hotspot-Standorten in Linz, an dem gratis gesurft werden kann. Der Ausbau der Hotspots mit kosten- und drahtlosem Internetzugang wird vom Kabelnetzbetreiber LIWEST auf Initiative der Stadt Linz betrieben.",2008,2022,offline,Linz,4020,Edlbacherstraße 1,http://www.hotspotlinz.at
hotspot_608792c381069ed8fa95,2026,Jugendzentrum Riff,48.27354200000000,14.30046500000000,"Hier ist nur einer von vielen Hotspot-Standorten in Linz, an dem gratis gesurft werden kann. Der Ausbau der Hotspots mit kosten- und drahtlosem Internetzugang wird vom Kabelnetzbetreiber LIWEST auf Initiative der Stadt Linz betrieben.",2006,2022,offline,Linz,4020,Tungassingerstraße 23a,http://www.hotspotlinz.at
hotspot_b92e82d2d5f9383140a2,2031,Jugendzentrum ZOOM,48.28897800000000,14.28590500000000,"Hier ist nur einer von vielen Hotspot-Standorten in Linz, an dem gratis gesurft werden kann. Der Ausbau der Hotspots mit kosten- und drahtlosem Internetzugang wird vom Kabelnetzbetreiber LIWEST auf Initiative der Stadt Linz betrieben.",2006,2020,offline,Linz,4020,Sophiengutstraße 18,http://www.hotspotlinz.at
hotspot_aa5eaf08d5c9c34be816,2018,JZ Alpha,48.24980200000000,14.30826200000000,"Hier ist nur einer von vielen Hotspot-Standorten in Linz, an dem gratis gesurft werden kann. Der Ausbau der Hotspots mit kostenlosem Internetzugang wird vom Kabelnetzbetreiber LIWEST auf Initiative der Stadt Linz betrieben.",2006,,ok,Linz,4030,Wüstenrotplatz 2-3,https://www.linz.at/hotspot/
hotspot_b931e71eb5ed31450c71,2020,JZ Atlantis Keferfeld,48.27100900000000,14.28278400000000,"Hier ist nur einer von vielen Hotspot-Standorten in Linz, an dem gratis gesurft werden kann. Der Ausbau der Hotspots mit kostenlosem Internetzugang wird vom Kabelnetzbetreiber LIWEST auf Initiative der Stadt Linz betrieben.",2006,,ok,Linz,4020,Landwiedstraße 65,https://www.linz.at/hotspot/
hotspot_371b566aafc810cc5986,2021,JZ Cloob,48.24396100000000,14.32932800000000,"Hier ist nur einer von vielen Hotspot-Standorten in Linz, an dem gratis gesurft werden kann. Der Ausbau der Hotspots mit kostenlosem Internetzugang wird vom Kabelnetzbetreiber LIWEST auf Initiative der Stadt Linz betrieben.",2006,,ok,Linz,4030,Kremsmünsterer Straße 1-3,https://www.linz.at/hotspot/
hotspot_a939acc1e8bb7e93085b,,JZ Dornach (ehemals),48.33141200000000,14.31463600000000,"Hier ist nur einer von vielen Hotspot-Standorten in Linz, an dem gratis gesurft werden kann. Der Ausbau der Hotspots mit kostenlosem Internetzugang wird vom Kabelnetzbetreiber LIWEST auf Initiative der Stadt Linz betrieben.",,,ok,Linz,4040,Niedermayrweg 7,https://www.linz.at/hotspot/
hotspot_ec4c5c863ac095436aca,2023,JZ FRANX,48.29541900000000,14.31787200000000,"Hier ist nur einer von vielen Hotspot-Standorten in Linz, an dem gratis gesurft werden kann. Der Ausbau der Hotspots mit kostenlosem Internetzugang wird vom Kabelnetzbetreiber LIWEST auf Initiative der Stadt Linz betrieben.",2006,,ok,Linz,4020,Wimhölzelstraße 40,https://www.linz.at/hotspot/
hotspot_82b8549b672539f47dfd,2024,JZ JUMP,48.30213100000000,14.30046400000000,"Hier ist nur einer von vielen Hotspot-Standorten in Linz, an dem gratis gesurft werden kann. Der Ausbau der Hotspots mit kostenlosem Internetzugang wird vom Kabelnetzbetreiber LIWEST auf Initiative der Stadt Linz betrieben.",2007,,ok,Linz,4020,Krankenhausstraße 2,https://www.linz.at/hotspot/
hotspot_55e0289c7afd67512cfe,,JZ Kandlheim (ehemals),48.28633400000000,14.29673100000000,"Hier ist nur einer von vielen Hotspot-Standorten in Linz, an dem gratis gesurft werden kann. Der Ausbau der Hotspots mit kostenlosem Internetzugang wird vom Kabelnetzbetreiber LIWEST auf Initiative der Stadt Linz betrieben.",,,ok,Linz,4020,Edlbacherstraße 1,https://www.linz.at/hotspot/
hotspot_1aa3c23ea7cfc16ef2f0,2035,JZ Kuddelmuddel  (Theater des Kindes im Kuddelmuddel),48.29860200000000,14.28984000000000,"Hier ist nur einer von vielen Hotspot-Standorten in Linz, an dem gratis gesurft werden kann. Der Ausbau der Hotspots mit kostenlosem Internetzugang wird vom Kabelnetzbetreiber LIWEST auf Initiative der Stadt Linz betrieben.",2007,,ok,Linz,4020,Langgasse 11a,https://www.linz.at/hotspot/
hotspot_6f8d1e095c0f85432b1f,2059,JZ Streetwork Ebelsberg,48.24018300000000,14.33243200000000,"Hier ist nur einer von vielen Hotspot-Standorten in Linz, an dem gratis gesurft werden kann. Der Ausbau der Hotspots mit kostenlosem Internetzugang wird vom Kabelnetzbetreiber LIWEST auf Initiative der Stadt Linz betrieben.",2008,,ok,Linz,4040,Edmund-Aigner-Straße 3,https://www.linz.at/hotspot/
hotspot_7cfb05cac82057cc45f4,2058,JZ Streetwork Linz Sued,48.24492700000000,14.27963600000000,"Hier ist nur einer von vielen Hotspot-Standorten in Linz, an dem gratis gesurft werden kann. Der Ausbau der Hotspots mit kostenlosem Internetzugang wird vom Kabelnetzbetreiber LIWEST auf Initiative der Stadt Linz betrieben.",2006,,ok,Linz,4030,Matthäus-Herzog-Straße 7,https://www.linz.at/hotspot/
hotspot_57fe9c67f31cc8f167ae,2029,JZ U1,48.31544300000000,14.28077400000000,"Hier ist nur einer von vielen Hotspot-Standorten in Linz, an dem gratis gesurft werden kann. Der Ausbau der Hotspots mit kostenlosem Internetzugang wird vom Kabelnetzbetreiber LIWEST auf Initiative der Stadt Linz betrieben.",2006,,ok,Linz,4040,Hauptstraße 74,https://www.linz.at/hotspot/
hotspot_90603ab3ae0465a4b3ba,2030,JZ YOUZ,48.29817900000000,14.29346200000000,"Hier ist nur einer von vielen Hotspot-Standorten in Linz, an dem gratis gesurft werden kann. Der Ausbau der Hotspots mit kostenlosem Internetzugang wird vom Kabelnetzbetreiber LIWEST auf Initiative der Stadt Linz betrieben.",2006,,ok,Linz,4020,Südtirolerstraße 7,https://www.linz.at/hotspot/
hotspot_11eadb82676d08408ca1,,Kletterhalle Auwiesen,48.24487641736330,14.30150622513780,"Hier ist nur einer von vielen Hotspot-Standorten in Linz, an dem gratis gesurft werden kann. Der Ausbau der Hotspots mit kostenlosem Internetzugang wird vom Kabelnetzbetreiber LIWEST auf Initiative der Stadt Linz betrieben.",2015,,neu,Linz,4030,Auwiesenstraße 202,https://www.linz.at/hotspot/
hotspot_5253116363032c96cc4f,1988,Kunstraum Goethestr,48.29715600000000,14.29632700000000,"Hier ist nur einer von vielen Hotspot-Standorten in Linz, an dem gratis gesurft werden kann. Der Ausbau der Hotspots mit kostenlosem Internetzugang wird vom Kabelnetzbetreiber LIWEST auf Initiative der Stadt Linz betrieben.",2008,,ok,Linz,4020,Goethestraße 30,https://www.linz.at/hotspot/
hotspot_8decac5f78c02edec6e8,2037,Lentos,48.30844800000000,14.28884100000000,"Hier ist nur einer von vielen Hotspot-Standorten in Linz, an dem gratis gesurft werden kann. Der Ausbau der Hotspots mit kostenlosem Internetzugang wird vom Kabelnetzbetreiber LIWEST auf Initiative der Stadt Linz betrieben.",2006,,ok,Linz,4020,Ernst-Koref-Promenade 1,https://www.linz.at/hotspot/
hotspot_d6b9af16cf2445584195,2038,Linzer Stadion - (Außenbereich),48.29442400000000,14.27540000000000,"Hier ist nur einer von vielen Hotspot-Standorten in Linz, an dem gratis gesurft werden kann. Der Ausbau der Hotspots mit kosten- und drahtlosem Internetzugang wird vom Kabelnetzbetreiber LIWEST auf Initiative der Stadt Linz betrieben.",2006,2021,offline,Linz,4020,Roseggerstraße 41,http://www.hotspotlinz.at
hotspot_22b995bca6a8d41cd397,4002,Linzer Stadion - (Aussenbereich),48.29350900000000,14.27596500000000,"Hier ist nur einer von vielen Hotspot-Standorten in Linz, an dem gratis gesurft werden kann. Der Ausbau der Hotspots mit kosten- und drahtlosem Internetzugang wird vom Kabelnetzbetreiber LIWEST auf Initiative der Stadt Linz betrieben.",2012,2021,offline,Linz,4020,Roseggerstraße 41,http://www.hotspotlinz.at
hotspot_efdd010ef6f37f25b504,4003,Linzer Stadion - (Aussenbereich),48.29350900000000,14.27596500000000,"Hier ist nur einer von vielen Hotspot-Standorten in Linz, an dem gratis gesurft werden kann. Der Ausbau der Hotspots mit kosten- und drahtlosem Internetzugang wird vom Kabelnetzbetreiber LIWEST auf Initiative der Stadt Linz betrieben.",2012,2021,offline,Linz,4020,Roseggerstraße 41,http://www.hotspotlinz.at
hotspot_815ddaf7504394eb16d6,4004,Linzer Stadion - (Aussenbereich),48.29334100000000,14.27623200000000,"Hier ist nur einer von vielen Hotspot-Standorten in Linz, an dem gratis gesurft werden kann. Der Ausbau der Hotspots mit kosten- und drahtlosem Internetzugang wird vom Kabelnetzbetreiber LIWEST auf Initiative der Stadt Linz betrieben.",2012,2021,offline,Linz,4020,Roseggerstraße 41,http://www.hotspotlinz.at
hotspot_6db19b2e3eef464735e0,4005,Linzer Stadion - (Aussenbereich),48.29334100000000,14.27623200000000,"Hier ist nur einer von vielen Hotspot-Standorten in Linz, an dem gratis gesurft werden kann. Der Ausbau der Hotspots mit kosten- und drahtlosem Internetzugang wird vom Kabelnetzbetreiber LIWEST auf Initiative der Stadt Linz betrieben.",2012,2021,offline,Linz,4020,Roseggerstraße 41,http://www.hotspotlinz.at
hotspot_3d23b0b063c536175e72,4006,Linzer Stadion - (Aussenbereich),48.29411400000000,14.27691800000000,"Hier ist nur einer von vielen Hotspot-Standorten in Linz, an dem gratis gesurft werden kann. Der Ausbau der Hotspots mit kosten- und drahtlosem Internetzugang wird vom Kabelnetzbetreiber LIWEST auf Initiative der Stadt Linz betrieben.",2012,2021,offline,Linz,4020,Roseggerstraße 41,http://www.hotspotlinz.at
hotspot_fb5b59def7c0e0086897,2048,LunaPlatz Solarcity,48.25775100000000,14.36038700000000,"Hier ist nur einer von vielen Hotspot-Standorten in Linz, an dem gratis gesurft werden kann. Der Ausbau der Hotspots mit kostenlosem Internetzugang wird vom Kabelnetzbetreiber LIWEST auf Initiative der Stadt Linz betrieben.",2006,,ok,Linz,4030,Lunaplatz 1,https://www.linz.at/hotspot/
hotspot_af094f83228140aad3b6,2039,Mozartstraße,48.30114900000000,14.29099700000000,"Hier ist nur einer von vielen Hotspot-Standorten in Linz, an dem gratis gesurft werden kann. Der Ausbau der Hotspots mit kostenlosem Internetzugang wird vom Kabelnetzbetreiber LIWEST auf Initiative der Stadt Linz betrieben.",2006,,ok,Linz,4020,Mozartstraße 1,https://www.linz.at/hotspot/
hotspot_c6c100152cf99d22f450,2040,Musikschule Prunerstift,48.30804800000000,14.29190800000000,"Hier ist nur einer von vielen Hotspot-Standorten in Linz, an dem gratis gesurft werden kann. Der Ausbau der Hotspots mit kostenlosem Internetzugang wird vom Kabelnetzbetreiber LIWEST auf Initiative der Stadt Linz betrieben.",2007,,ok,Linz,4020,Fabrikstraße 10,https://www.linz.at/hotspot/
hotspot_85a1f21fa24a3c227878,2041,Neues Rathaus,48.30994800000000,14.28278500000000,"Hier ist nur einer von vielen Hotspot-Standorten in Linz, an dem gratis gesurft werden kann. Der Ausbau der Hotspots mit kostenlosem Internetzugang wird vom Kabelnetzbetreiber LIWEST auf Initiative der Stadt Linz betrieben.",2006,,ok,Linz,4040,Hauptstraße 1-5,https://www.linz.at/hotspot/
hotspot_3569dbdcac6f49f0988e,3010,Nordico,48.30411300000000,14.29144900000000,"Hier ist nur einer von vielen Hotspot-Standorten in Linz, an dem gratis gesurft werden kann. Der Ausbau der Hotspots mit kostenlosem Internetzugang wird vom Kabelnetzbetreiber LIWEST auf Initiative der Stadt Linz betrieben.",2006,,ok,Linz,4020,Dametzstraße 23,https://www.linz.at/hotspot/
hotspot_3bd3a690dc2f1e7f4074,3009,Obere Donaulände,48.30708300000000,14.28477300000000,"Hier ist nur einer von vielen Hotspot-Standorten in Linz, an dem gratis gesurft werden kann. Der Ausbau der Hotspots mit kosten- und drahtlosem Internetzugang wird vom Kabelnetzbetreiber LIWEST auf Initiative der Stadt Linz betrieben.",2009,2022,offline,Linz,4020,Obere Donaulände,http://www.hotspotlinz.at
hotspot_2660efdbbf48ed144fa2,3003,OK Platz (Höhenrausch2),48.30273200000000,14.28993800000000,"Hier ist nur einer von vielen Hotspot-Standorten in Linz, an dem gratis gesurft werden kann. Der Ausbau der Hotspots mit kostenlosem Internetzugang wird vom Kabelnetzbetreiber LIWEST auf Initiative der Stadt Linz betrieben.",2011,,ok,Linz,4020,OK-Platz 1,https://www.linz.at/hotspot/
hotspot_82147e579d3007d8f6d2,,Parkbad,48.31144140381000,14.29478804082250,"Hier ist nur einer von vielen Hotspot-Standorten in Linz, an dem gratis gesurft werden kann. Der Ausbau der Hotspots mit kostenlosem Internetzugang wird vom Kabelnetzbetreiber LIWEST auf Initiative der Stadt Linz betrieben.",2016,,neu,Linz,4020,Untere Donaulände 11,https://www.linz.at/hotspot/
hotspot_8ecb6dfbdba3bc5f6e47,,Pichl (Pichlinger See),48.23931781280180,14.38332793308810,"Hier ist nur einer von vielen Hotspot-Standorten in Linz, an dem gratis gesurft werden kann. Der Ausbau der Hotspots mit kostenlosem Internetzugang wird vom Kabelnetzbetreiber LIWEST auf Initiative der Stadt Linz betrieben.",,,neu,Linz,,,https://www.linz.at/hotspot/
hotspot_71076709fa9b222c8594,2027,Pfarre St Markus,48.33359500000000,14.29006500000000,"Hier ist nur einer von vielen Hotspot-Standorten in Linz, an dem gratis gesurft werden kann. Der Ausbau der Hotspots mit kostenlosem Internetzugang wird vom Kabelnetzbetreiber LIWEST auf Initiative der Stadt Linz betrieben.",2007,,ok,Linz,4040,Gründbergstraße 2,https://www.linz.at/hotspot/
hotspot_8677dbc2cd04125cde3c,3008,Pfarrplatz,48.30695900000000,14.29024500000000,"Hier ist nur einer von vielen Hotspot-Standorten in Linz, an dem gratis gesurft werden kann. Der Ausbau der Hotspots mit kostenlosem Internetzugang wird vom Kabelnetzbetreiber LIWEST auf Initiative der Stadt Linz betrieben.",2010,,ok,Linz,4020,Pfarrplatz,https://www.linz.at/hotspot/
hotspot_d80a8ff3681cc4f9fb6c,,Plesch (Pleschinger See),48.31950219005870,14.33260375397210,"Hier ist nur einer von vielen Hotspot-Standorten in Linz, an dem gratis gesurft werden kann. Der Ausbau der Hotspots mit kostenlosem Internetzugang wird vom Kabelnetzbetreiber LIWEST auf Initiative der Stadt Linz betrieben.",,,neu,,,,https://www.linz.at/hotspot/
hotspot_5dc940c5b776b78fa3b1,2042,Posthof,48.31092500000000,14.31133500000000,"Hier ist nur einer von vielen Hotspot-Standorten in Linz, an dem gratis gesurft werden kann. Der Ausbau der Hotspots mit kostenlosem Internetzugang wird vom Kabelnetzbetreiber LIWEST auf Initiative der Stadt Linz betrieben.",2006,,ok,Linz,4020,Posthofstraße 50,https://www.linz.at/hotspot/
hotspot_0edc98a395281dc25990,3007,Promenade,48.30469600000000,14.28752400000000,"Hier ist nur einer von vielen Hotspot-Standorten in Linz, an dem gratis gesurft werden kann. Der Ausbau der Hotspots mit kostenlosem Internetzugang wird vom Kabelnetzbetreiber LIWEST auf Initiative der Stadt Linz betrieben.",2009,,ok,Linz,4020,Promenade,https://www.linz.at/hotspot/
hotspot_707987e5846495748e57,,Promenade SPK,48.30370418132910,14.28642632977990,"Hier ist nur einer von vielen Hotspot-Standorten in Linz, an dem gratis gesurft werden kann. Der Ausbau der Hotspots mit kostenlosem Internetzugang wird vom Kabelnetzbetreiber LIWEST auf Initiative der Stadt Linz betrieben.",2013,,neu,Linz,4020,Promenade 13,https://www.linz.at/hotspot/
hotspot_eb75d594150f3ef7f452,,Raumschiff,48.30627305004950,14.28808034613600,"Hier ist nur einer von vielen Hotspot-Standorten in Linz, an dem gratis gesurft werden kann. Der Ausbau der Hotspots mit kostenlosem Internetzugang wird vom Kabelnetzbetreiber LIWEST auf Initiative der Stadt Linz betrieben.",2016,,neu,Linz,4020,Pfarrplatz 18,https://www.linz.at/hotspot/
hotspot_b5396c40b4de503537c7,4001,Rotes Kreuz Blutzentrale,48.30256800000000,14.30514200000000,"Hier ist nur einer von vielen Hotspot-Standorten in Linz, an dem gratis gesurft werden kann. Der Ausbau der Hotspots mit kosten- und drahtlosem Internetzugang wird vom Kabelnetzbetreiber LIWEST auf Initiative der Stadt Linz betrieben.",2012,2022,offline,Linz,4020,Kaplanhofviertel,http://www.hotspotlinz.at
hotspot_7c507b9e50ea5c043248,4007,Rotes Kreuz Zentrale,48.30479300000000,14.29941400000000,"Hier ist nur einer von vielen Hotspot-Standorten in Linz, an dem gratis gesurft werden kann. Der Ausbau der Hotspots mit kostenlosem Internetzugang wird vom Kabelnetzbetreiber LIWEST auf Initiative der Stadt Linz betrieben.",2013,,ok,Linz,4020,Körnerstraße 28,https://www.linz.at/hotspot/
hotspot_808b608247c5a9fd6428,,Rother Krebs,48.30644566427930,14.28381582642000,"Hier ist nur einer von vielen Hotspot-Standorten in Linz, an dem gratis gesurft werden kann. Der Ausbau der Hotspots mit kostenlosem Internetzugang wird vom Kabelnetzbetreiber LIWEST auf Initiative der Stadt Linz betrieben.",,,neu,Linz,4020,Obere Donaulände 11,https://www.linz.at/hotspot/
hotspot_e658248fe2b5da449992,3022,Salzamt,48.30638600000000,14.28319600000000,"Hier ist nur einer von vielen Hotspot-Standorten in Linz, an dem gratis gesurft werden kann. Der Ausbau der Hotspots mit kostenlosem Internetzugang wird vom Kabelnetzbetreiber LIWEST auf Initiative der Stadt Linz betrieben.",2009,,ok,Linz,4020,Obere Donaulände 15,https://www.linz.at/hotspot/
hotspot_6c3c856428edac2078d3,3687,Schillerpark,48.29788900000000,14.29108300000000,"Hier ist nur einer von vielen Hotspot-Standorten in Linz, an dem gratis gesurft werden kann. Der Ausbau der Hotspots mit kostenlosem Internetzugang wird vom Kabelnetzbetreiber LIWEST auf Initiative der Stadt Linz betrieben.",2006,,ok,Linz,4020,Schillerpark,https://www.linz.at/hotspot/
hotspot_49639484339e037bcad4,2046,Seniorenzentrum Franckviertel,48.29608300000000,14.31586300000000,"Hier ist nur einer von vielen Hotspot-Standorten in Linz, an dem gratis gesurft werden kann. Der Ausbau der Hotspots mit kosten- und drahtlosem Internetzugang wird vom Kabelnetzbetreiber LIWEST auf Initiative der Stadt Linz betrieben.",2006,2020,offline,Linz,4020,Ing.-Stern-Straße 15-17,http://www.hotspotlinz.at
hotspot_e452dca4f6a8aed89511,1990,Sisal (Jugendwohngemeinschaft),48.29663200000000,14.29771900000000,"Hier ist nur einer von vielen Hotspot-Standorten in Linz, an dem gratis gesurft werden kann. Der Ausbau der Hotspots mit kostenlosem Internetzugang wird vom Kabelnetzbetreiber LIWEST auf Initiative der Stadt Linz betrieben.",2008,,ok,Linz,4020,Schubertstraße 45,https://www.linz.at/hotspot/
hotspot_f6859cc8f38c5902b7d5,3006,Sportpark Lissfeld,48.26801500000000,14.29752700000000,"Hier ist nur einer von vielen Hotspot-Standorten in Linz, an dem gratis gesurft werden kann. Der Ausbau der Hotspots mit kostenlosem Internetzugang wird vom Kabelnetzbetreiber LIWEST auf Initiative der Stadt Linz betrieben.",2010,,ok,Linz,4030,Hausleitnerweg 105,https://www.linz.at/hotspot/
hotspot_3a39c11fed024b245594,,Sportpark Pichling,48.26148377334890,14.36411930237990,"Hier ist nur einer von vielen Hotspot-Standorten in Linz, an dem gratis gesurft werden kann. Der Ausbau der Hotspots mit kostenlosem Internetzugang wird vom Kabelnetzbetreiber LIWEST auf Initiative der Stadt Linz betrieben.",,,neu,Linz,4030,Weikerlseestraße 73-75,https://www.linz.at/hotspot/
hotspot_b088c060d0685692bde9,2049,Stadtbibliothek Auwiesen,48.24980200000000,14.30826200000000,"Hier ist nur einer von vielen Hotspot-Standorten in Linz, an dem gratis gesurft werden kann. Der Ausbau der Hotspots mit kostenlosem Internetzugang wird vom Kabelnetzbetreiber LIWEST auf Initiative der Stadt Linz betrieben.",2006,,ok,Linz,4030,Wüstenrotplatz 2-3,https://www.linz.at/hotspot/
hotspot_dbeaa1439b71f55988f2,2051,Stadtbibliothek Ebelsberg,48.24396100000000,14.32932800000000,"Hier ist nur einer von vielen Hotspot-Standorten in Linz, an dem gratis gesurft werden kann. Der Ausbau der Hotspots mit kostenlosem Internetzugang wird vom Kabelnetzbetreiber LIWEST auf Initiative der Stadt Linz betrieben.",2008,,ok,Linz,4030,Kremsmünsterer Straße 1 - 3,https://www.linz.at/hotspot/
hotspot_aa15692325525162aa52,2052,Stadtbibliothek Einsteinstraße,48.27644400000000,14.29748800000000,"Hier ist nur einer von vielen Hotspot-Standorten in Linz, an dem gratis gesurft werden kann. Der Ausbau der Hotspots mit kosten- und drahtlosem Internetzugang wird vom Kabelnetzbetreiber LIWEST auf Initiative der Stadt Linz betrieben.",2007,2022,offline,Linz,4020,Einsteinstraße 11,http://www.hotspotlinz.at
hotspot_6ee2ab911f73b4a25517,2056,Stadtpark Linz,48.30564700000000,14.29752700000000,"Hier ist nur einer von vielen Hotspot-Standorten in Linz, an dem gratis gesurft werden kann. Der Ausbau der Hotspots mit kostenlosem Internetzugang wird vom Kabelnetzbetreiber LIWEST auf Initiative der Stadt Linz betrieben.",2006,,ok,Linz,4020,Körnerstraße 9,https://www.linz.at/hotspot/
hotspot_94397625593f75f667c2,2003,Stadtplatz Ebelsberg,48.24594900000000,14.32706400000000,"Hier ist nur einer von vielen Hotspot-Standorten in Linz, an dem gratis gesurft werden kann. Der Ausbau der Hotspots mit kostenlosem Internetzugang wird vom Kabelnetzbetreiber LIWEST auf Initiative der Stadt Linz betrieben.",2006,,ok,Linz,4030,Fadingerplatz 7,https://www.linz.at/hotspot/
hotspot_404b53dab0bd62adeea9,2028,StuWE (Jugendzentrum),48.30183100000000,14.28567200000000,"Hier ist nur einer von vielen Hotspot-Standorten in Linz, an dem gratis gesurft werden kann. Der Ausbau der Hotspots mit kostenlosem Internetzugang wird vom Kabelnetzbetreiber LIWEST auf Initiative der Stadt Linz betrieben.",2008,,ok,Linz,4020,Steingasse 5,https://www.linz.at/hotspot/
hotspot_54e5f0da30922812ebab,2060,Südbahnhofmarkt,48.30096300000000,14.30029400000000,"Hier ist nur einer von vielen Hotspot-Standorten in Linz, an dem gratis gesurft werden kann. Der Ausbau der Hotspots mit kostenlosem Internetzugang wird vom Kabelnetzbetreiber LIWEST auf Initiative der Stadt Linz betrieben.",2006,,ok,Linz,4020,Marktplatz 9,https://www.linz.at/hotspot/
hotspot_70a62c70fae6cfebcc19,2045,SZL Dornach (Seniorenzentrum Dornach/Auhof),48.33321700000000,14.31732100000000,"Hier ist nur einer von vielen Hotspot-Standorten in Linz, an dem gratis gesurft werden kann. Der Ausbau der Hotspots mit kostenlosem Internetzugang wird vom Kabelnetzbetreiber LIWEST auf Initiative der Stadt Linz betrieben.",2006,,ok,Linz,4040,Sombartstraße 1-5,https://www.linz.at/hotspot/
hotspot_88c89b9b64be2d909c1e,3000,Tabakfarbik,48.31221600000000,14.29897100000000,"Hier ist nur einer von vielen Hotspot-Standorten in Linz, an dem gratis gesurft werden kann. Der Ausbau der Hotspots mit kostenlosem Internetzugang wird vom Kabelnetzbetreiber LIWEST auf Initiative der Stadt Linz betrieben.",2011,,ok,Linz,4020,Gruberstraße 1,https://www.linz.at/hotspot/
hotspot_9dd4123bfcebbe9bfa01,2061,Taubenmarkt,48.30397600000000,14.28825300000000,"Hier ist nur einer von vielen Hotspot-Standorten in Linz, an dem gratis gesurft werden kann. Der Ausbau der Hotspots mit kostenlosem Internetzugang wird vom Kabelnetzbetreiber LIWEST auf Initiative der Stadt Linz betrieben.",2006,,ok,Linz,4020,Taubenmarkt,https://www.linz.at/hotspot/
hotspot_385645b66299cd8e3fb3,2062,Theater Phönix,48.29115300000000,14.29696900000000,"Hier ist nur einer von vielen Hotspot-Standorten in Linz, an dem gratis gesurft werden kann. Der Ausbau der Hotspots mit kostenlosem Internetzugang wird vom Kabelnetzbetreiber LIWEST auf Initiative der Stadt Linz betrieben.",2008,,ok,Linz,4020,Wiener Straße 25,https://www.linz.at/hotspot/
hotspot_da8b9f4c9e43d379a08d,2009,TipsArena,48.29241700000000,14.27563400000000,"Hier ist nur einer von vielen Hotspot-Standorten in Linz, an dem gratis gesurft werden kann. Der Ausbau der Hotspots mit kostenlosem Internetzugang wird vom Kabelnetzbetreiber LIWEST auf Initiative der Stadt Linz betrieben.",2006,,ok,Linz,4020,Ziegeleistraße 76,https://www.linz.at/hotspot/
hotspot_b73a6e1e85ebfffd3096,2064,Urfahrmarkt,48.31225000000000,14.28800000000000,"Hier ist nur einer von vielen Hotspot-Standorten in Linz, an dem gratis gesurft werden kann. Der Ausbau der Hotspots mit kostenlosem Internetzugang wird vom Kabelnetzbetreiber LIWEST auf Initiative der Stadt Linz betrieben.",2007,,ok,Linz,4040,Urfahrmarkt,https://www.linz.at/hotspot/
hotspot_875d1fb5d15cff95a2cb,2076,VH Auwiesen,48.24983300000000,14.30858300000000,"Hier ist nur einer von vielen Hotspot-Standorten in Linz, an dem gratis gesurft werden kann. Der Ausbau der Hotspots mit kostenlosem Internetzugang wird vom Kabelnetzbetreiber LIWEST auf Initiative der Stadt Linz betrieben.",2006,,ok,Linz,4030,Wüstenrotplatz 2-3,https://www.linz.at/hotspot/
hotspot_baa29ef114514edc6ff4,2066,VH Bindermichl,48.27298600000000,14.29017000000000,"Hier ist nur einer von vielen Hotspot-Standorten in Linz, an dem gratis gesurft werden kann. Der Ausbau der Hotspots mit kostenlosem Internetzugang wird vom Kabelnetzbetreiber LIWEST auf Initiative der Stadt Linz betrieben.",2006,,ok,Linz,4020,Uhlandgasse 5,https://www.linz.at/hotspot/
hotspot_6b3fa707efad69392f95,2068,VH Ebelsberg,48.24396100000000,14.32932800000000,"Hier ist nur einer von vielen Hotspot-Standorten in Linz, an dem gratis gesurft werden kann. Der Ausbau der Hotspots mit kostenlosem Internetzugang wird vom Kabelnetzbetreiber LIWEST auf Initiative der Stadt Linz betrieben.",2006,,ok,Linz,4030,Kremsmünsterer Straße 1-3,https://www.linz.at/hotspot/
hotspot_6f2090b75ed793464b10,2069,VH Ferdinand Markl Strasse,48.33317400000000,14.29309200000000,"Hier ist nur einer von vielen Hotspot-Standorten in Linz, an dem gratis gesurft werden kann. Der Ausbau der Hotspots mit kostenlosem Internetzugang wird vom Kabelnetzbetreiber LIWEST auf Initiative der Stadt Linz betrieben.",2006,,ok,Linz,4040,Ferdinand-Markl-Straße  4,https://www.linz.at/hotspot/
hotspot_0508aa3060d6454ec81c,2071,VH Froschberg,48.28531600000000,14.28182200000000,"Hier ist nur einer von vielen Hotspot-Standorten in Linz, an dem gratis gesurft werden kann. Der Ausbau der Hotspots mit kostenlosem Internetzugang wird vom Kabelnetzbetreiber LIWEST auf Initiative der Stadt Linz betrieben.",2006,,ok,Linz,4020,Kudlichstraße  21,https://www.linz.at/hotspot/
hotspot_4c19b36f9993f7500759,2072,VH Harbach,48.33024300000000,14.28428400000000,"Hier ist nur einer von vielen Hotspot-Standorten in Linz, an dem gratis gesurft werden kann. Der Ausbau der Hotspots mit kostenlosem Internetzugang wird vom Kabelnetzbetreiber LIWEST auf Initiative der Stadt Linz betrieben.",2006,,ok,Linz,4040,Im Bachlfeld  31,https://www.linz.at/hotspot/
hotspot_3e235aff561de1336abf,2073,VH Kandlheim,48.28633400000000,14.29673100000000,"Hier ist nur einer von vielen Hotspot-Standorten in Linz, an dem gratis gesurft werden kann. Der Ausbau der Hotspots mit kostenlosem Internetzugang wird vom Kabelnetzbetreiber LIWEST auf Initiative der Stadt Linz betrieben.",2006,,ok,Linz,4020,Edlbacherstraße  1,https://www.linz.at/hotspot/
hotspot_b2ea0a0c037a672b59ce,3004,VH Kleinmuenchnerhof,48.25294100000000,14.31312100000000,"Hier ist nur einer von vielen Hotspot-Standorten in Linz, an dem gratis gesurft werden kann. Der Ausbau der Hotspots mit kostenlosem Internetzugang wird vom Kabelnetzbetreiber LIWEST auf Initiative der Stadt Linz betrieben.",2008,,ok,Linz,4030,Dauphinestraße 19,https://www.linz.at/hotspot/
hotspot_0a2252a260d6c19c2313,2075,VH Neue Heimat,48.25120500000000,14.29386200000000,"Hier ist nur einer von vielen Hotspot-Standorten in Linz, an dem gratis gesurft werden kann. Der Ausbau der Hotspots mit kostenlosem Internetzugang wird vom Kabelnetzbetreiber LIWEST auf Initiative der Stadt Linz betrieben.",2006,,ok,Linz,4020,Vogelfängerplatz 4,https://www.linz.at/hotspot/
hotspot_35a74984d49deee69040,,VH Pichling Seminar 1,48.25803900000000,14.36080900000000,"Hier ist nur einer von vielen Hotspot-Standorten in Linz, an dem gratis gesurft werden kann. Der Ausbau der Hotspots mit kostenlosem Internetzugang wird vom Kabelnetzbetreiber LIWEST auf Initiative der Stadt Linz betrieben.",,,neu,Linz,4030,Lunaplatz 4,https://www.linz.at/hotspot/
hotspot_255aaa888c1aac0508b9,,VH Pichling Seminar 2,48.25803900000000,14.36080900000000,"Hier ist nur einer von vielen Hotspot-Standorten in Linz, an dem gratis gesurft werden kann. Der Ausbau der Hotspots mit kostenlosem Internetzugang wird vom Kabelnetzbetreiber LIWEST auf Initiative der Stadt Linz betrieben.",,,neu,Linz,4030,Lunaplatz 4,https://www.linz.at/hotspot/
hotspot_8ed0689875edc49f4114,,VH Pichling Seminar 3,48.25803900000000,14.36080900000000,"Hier ist nur einer von vielen Hotspot-Standorten in Linz, an dem gratis gesurft werden kann. Der Ausbau der Hotspots mit kostenlosem Internetzugang wird vom Kabelnetzbetreiber LIWEST auf Initiative der Stadt Linz betrieben.",,,neu,Linz,4030,Lunaplatz 4,https://www.linz.at/hotspot/
hotspot_598b868936ee7cfc11fc,,VH_Dornach_Tagesraum1,48.33141200000000,14.31463600000000,"Hier ist nur einer von vielen Hotspot-Standorten in Linz, an dem gratis gesurft werden kann. Der Ausbau der Hotspots mit kostenlosem Internetzugang wird vom Kabelnetzbetreiber LIWEST auf Initiative der Stadt Linz betrieben.",2018,,neu,Linz,4040,Niedermayrweg 7,https://www.linz.at/hotspot/
hotspot_4df13d4339ba3bd86c0d,,VH_Dornach_Tagesraum2,48.33141200000000,14.31463600000000,"Hier ist nur einer von vielen Hotspot-Standorten in Linz, an dem gratis gesurft werden kann. Der Ausbau der Hotspots mit kostenlosem Internetzugang wird vom Kabelnetzbetreiber LIWEST auf Initiative der Stadt Linz betrieben.",2018,,neu,Linz,4040,Niedermayrweg 7,https://www.linz.at/hotspot/
hotspot_e7fe8e8ea7a5312bb3f0,,Volksgarten,48.29542145886060,14.29155900638140,"Hier ist nur einer von vielen Hotspot-Standorten in Linz, an dem gratis gesurft werden kann. Der Ausbau der Hotspots mit kostenlosem Internetzugang wird vom Kabelnetzbetreiber LIWEST auf Initiative der Stadt Linz betrieben.",2013,,neu,Linz,4020,Volksgartenstraße 42,https://www.linz.at/hotspot/
hotspot_23a42af1f6010eacd785,2067,Volkshaus Dornach,48.33141200000000,14.31463600000000,"Hier ist nur einer von vielen Hotspot-Standorten in Linz, an dem gratis gesurft werden kann. Der Ausbau der Hotspots mit kostenlosem Internetzugang wird vom Kabelnetzbetreiber LIWEST auf Initiative der Stadt Linz betrieben.",2006,,ok,Linz,4040,Niedermayrweg 7,https://www.linz.at/hotspot/
hotspot_99289bc023f67aba9f01,2070,Volkshaus Franckviertel,48.29194800000000,14.31535400000000,"Hier ist nur einer von vielen Hotspot-Standorten in Linz, an dem gratis gesurft werden kann. Der Ausbau der Hotspots mit kosten- und drahtlosem Internetzugang wird vom Kabelnetzbetreiber LIWEST auf Initiative der Stadt Linz betrieben.",2006,2020,offline,Linz,4020,Franckstraße  68,http://www.hotspotlinz.at
hotspot_3542f7fb79aca1c7afe6,1986,Volkshaus Keferfeld,48.27100900000000,14.28278400000000,"Hier ist nur einer von vielen Hotspot-Standorten in Linz, an dem gratis gesurft werden kann. Der Ausbau der Hotspots mit kostenlosem Internetzugang wird vom Kabelnetzbetreiber LIWEST auf Initiative der Stadt Linz betrieben.",2006,,ok,Linz,4020,Landwiedstraße  65,https://www.linz.at/hotspot/
hotspot_d06dcab3f2b8799fdcb1,1987,Volkshaus Pichling,48.25803900000000,14.36080900000000,"Hier ist nur einer von vielen Hotspot-Standorten in Linz, an dem gratis gesurft werden kann. Der Ausbau der Hotspots mit kostenlosem Internetzugang wird vom Kabelnetzbetreiber LIWEST auf Initiative der Stadt Linz betrieben.",2006,,ok,Linz,4030,Lunaplatz 4,https://www.linz.at/hotspot/
hotspot_5054bbc0a3728771bc3b,2065,VZ Weissenwolfstrasse,48.30469800000000,14.30323200000000,"Hier ist nur einer von vielen Hotspot-Standorten in Linz, an dem gratis gesurft werden kann. Der Ausbau der Hotspots mit kostenlosem Internetzugang wird vom Kabelnetzbetreiber LIWEST auf Initiative der Stadt Linz betrieben.",2006,,ok,Linz,4020,Weißenwolffstraße 17a,https://www.linz.at/hotspot/
hotspot_f96db4233913d3742824,,Weikerlsee,48.25974998736950,14.36131494119910,"Hier ist nur einer von vielen Hotspot-Standorten in Linz, an dem gratis gesurft werden kann. Der Ausbau der Hotspots mit kostenlosem Internetzugang wird vom Kabelnetzbetreiber LIWEST auf Initiative der Stadt Linz betrieben.",2006,,neu,Linz,,,https://www.linz.at/hotspot/
hotspot_b292383909220b1a3c7e,2047,Weikerlsee Buffet (solarCity kleiner Weikerlsee),48.26140300000000,14.36152200000000,"Hier ist nur einer von vielen Hotspot-Standorten in Linz, an dem gratis gesurft werden kann. Der Ausbau der Hotspots mit kostenlosem Internetzugang wird vom Kabelnetzbetreiber LIWEST auf Initiative der Stadt Linz betrieben.",2006,,ok,Linz,4030,Weikerlseestraße 63,https://www.linz.at/hotspot/
hotspot_0c9b2ac883eec0119c28,3002,Wimhölzelplatz,48.29509800000000,14.31385900000000,"Hier ist nur einer von vielen Hotspot-Standorten in Linz, an dem gratis gesurft werden kann. Der Ausbau der Hotspots mit kostenlosem Internetzugang wird vom Kabelnetzbetreiber LIWEST auf Initiative der Stadt Linz betrieben.",2011,,ok,Linz,4020,Wimhölzelstraße 19,https://www.linz.at/hotspot/
hotspot_a93da573d4102a703f3c,,Zahnmuesum,48.30583725965660,14.28793860258210,"Hier ist nur einer von vielen Hotspot-Standorten in Linz, an dem gratis gesurft werden kann. Der Ausbau der Hotspots mit kostenlosem Internetzugang wird vom Kabelnetzbetreiber LIWEST auf Initiative der Stadt Linz betrieben.",,,neu,Linz,4020,Pfarrgasse 9,https://www.linz.at/hotspot/
